text,classification 1,classification 2
Putangina kakauwi ko lang kinakabahan na kaagad si acoe,Negative statement w/o bullying intentions,Not bully
@IronJSpider Ingat you din bebe qouh. &lt;3 tangina mo hahahaha I hope di masuspend ang social media!!! kasi I'm sure… https://t.co/3u86QRgX8J,Negative statement w/o bullying intentions,Not bully
Putangina niyo mga ISIS,Negative statement with bullying intentions,Bully
Tangina nyo maute group tangina nyo sagad mga piftyquatillion de puta kayo times,Negative statement with bullying intentions,Bully
@arianasus_ tangina mo,Negative statement with bullying intentions,Bully
makatrigger jud ning mga people na gnaquestion asa ang presidente mga ulol mo pauli na sya hulata mga piniste mo,Negative statement with bullying intentions,Bully
@leahnavarro ang bobo mo nmn po! Ikaw na po ang pinakabobong pilipinong nakilala ko sa social media. Bobo skills level 99999,Negative statement with bullying intentions,Bully
a b c d e fuck you https://t.co/Kfjhfok1r1,Negative statement with bullying intentions,Bully
ano kasi pre e ayoko ng ginagago tropa ko at gusto kong sabihin na tangina mo hipocrito ka,Negative statement with bullying intentions,Bully
"ISIS tangina niyo. Goblin, Grim Reaper asa naman taena.",Negative statement with bullying intentions,Bully
Mas nakakagago ka. Tangina? Pabibo. https://t.co/G1Snopx9aN,Negative statement with bullying intentions,Bully
Putangina ina papeymus kang gago ka. Manahimik ka puta https://t.co/IyJriP7yFc,Negative statement with bullying intentions,Bully
And putangina ninyong mga anti Duterte fanatics who always make a cute spin just to make this his fault eh putangina nyo,Negative statement with bullying intentions,Bully
Putangina ninyong mga Anti Duterte mendicants. You are not helping. Tangina nyong lahat mga IQ below sea level,Negative statement with bullying intentions,Bully
"that ""ambobo mo parin kelangan mo nang magdisappear sa world"" <ed><U+00A0><U+00BD><ed><U+00B8><U+0082><ed><U+00A0><U+00BD><ed><U+00B8><U+0082><ed><U+00A0><U+00BD><ed><U+00B8><U+0082> touché <ed><U+00A0><U+00BD><ed><U+00B8><U+0082>",Negative statement with bullying intentions,Bully
Sakit sa buot ah. Kalaw-ay lang batyagon sang na feel sang families sang napatay kag biktima kag sundalo nga ga defend ddto sa Marawi <ed><U+00A0><U+00BD><ed><U+00B8><U+00AD><ed><U+00A0><U+00BD><ed><U+00B8><U+00AD><ed><U+00A0><U+00BD><ed><U+00B8><U+00AD>,Neutral statement,Not bully
tangina mo jepoy nanakot ka pa.,Negative statement with bullying intentions,Bully
@balongajm @jeziliciousss sorry bobo kase ako<ed><U+00A0><U+00BD><ed><U+00B8><U+00A2>,Negative statement w/o bullying intentions,Not bully
@Dhaycelator suntukan sa isis putangina ka daycel aa HAHAHAHAHA,Negative statement w/o bullying intentions,Not bully
@chezkadennise22 By height daw yung pagpatay nila kaya una mas maliit sorry,Negative statement w/o bullying intentions,Not bully
Panay kapokpokan alam sa social media tangina ka hampasin kita ng kawali e,Negative statement with bullying intentions,Bully
@leahnavarro Puro ka satsat hayop ka pisti ka ulol ka bugok ka. Karma visit you soon.,Negative statement with bullying intentions,Bully
fuck you 7AM calltime hahahuhu,Negative statement w/o bullying intentions,Not bully
i cant even understand why you have to kill people like would that make u happy? was that really satisfying? well fuck you <ed><U+00A0><U+00BD><ed><U+00B8><U+00A1>,Negative statement with bullying intentions,Bully
Tangina back to tanga mode na naman,Negative statement with bullying intentions,Bully
Di pako nakakamove-on sa ex ko tas broken nanaman ako dito kay ano pucha hahahahaha tanga mo Rica,Negative statement with bullying intentions,Bully
Gago kaba potangina ka stupid idiot motherfucker you die son of a bitch tangina mo hijo de pota despacito you twat prick tanga bobo roar,Negative statement with bullying intentions,Bully
@KyleCollantes di nga ako pinapansin dun ko pa sasabihin tanga ka din e no HAHAHAHHAHAHAHAHAHAHAHAHAH,Negative statement w/o bullying intentions,Not bully
Ang gago mo po <ed><U+00A0><U+00BD><ed><U+00B8><U+0082><U+270C><ed><U+00A0><U+00BC><ed><U+00BF><U+00BC> https://t.co/8xPnvgfpBj,Negative statement with bullying intentions,Bully
Subukan mo pang lumapit sa kanya tarantado ka makikita mo.,Negative statement with bullying intentions,Bully
"She was like"" bitch my eyeliner can stab u to death and i was like"" bitch your fats can choke you to death""<ed><U+00A0><U+00BD><ed><U+00B8><U+0082><ed><U+00A0><U+00BD><ed><U+00B1><U+00BB><ed><U+00A0><U+00BD><ed><U+00B9><U+0088>",Negative statement with bullying intentions,Bully
"@Real_Sarah_G Nag ingon ko na ""tanga ka po masyado"" hahaha tas ginlock nako niya <ed><U+00A0><U+00BD><ed><U+00B8><U+0082>",Negative statement w/o bullying intentions,Not bully
tangina mo https://t.co/kfBVU6eZFO,Negative statement with bullying intentions,Bully
isa kapa tangina mo din https://t.co/OEt4eBABWU,Negative statement with bullying intentions,Bully
"sineryoso kita, ginago moko. tangina mo",Negative statement with bullying intentions,Bully
"Huwag masyado magmagaling. Kaya ka nasabihang ""fuck your opinion"" ni Mito eh.

#TiradaNiSlickMaster",Negative statement with bullying intentions,Bully
"""gawin ko ba yon""

""pwede kung tanga ka""

""gago HAHHAHA""

""tanga ka naman kay ano eh""

HHAHAHAHAHAHAH DI Q KINAYA<ed><U+00A0><U+00BD><ed><U+00B8><U+00A2><ed><U+00A0><U+00BD><ed><U+00B8><U+0082>",Negative statement w/o bullying intentions,Not bully
putangina ka https://t.co/1hsuXlRjaZ,Negative statement with bullying intentions,Bully
@RdCanet goodluck tangina mo wag ka titira sa labas postehan mo,Negative statement w/o bullying intentions,Not bully
I dont want martial law pero puta ka? https://t.co/UwVQhEZ9ap,Negative statement w/o bullying intentions,Not bully
Believe me I would appeal to God to shut your whore mouth,Negative statement with bullying intentions,Bully
Putangina mo. <ed><U+00A0><U+00BD><ed><U+00B8><U+0085> https://t.co/fiUDxxH9AJ,Negative statement with bullying intentions,Bully
"Di ko na alam anong klaseng presidente meron tayo, okay lang bombahin ang Marawi?¿ gago ka ba?¿",Negative statement with bullying intentions,Bully
Bobo ka ba or bobo ka talaga https://t.co/PENcr3CXgt,Negative statement with bullying intentions,Bully
2017 na tanga kapa rin,Negative statement with bullying intentions,Bully
Putangina kyrie kapit puta ka,Negative statement with bullying intentions,Bully
sipon fuck you po,Negative statement w/o bullying intentions,Not bully
"papagawa ka sakin tapos bayad mo ""pasuyo na lang"" tapos mag e expect ka ng quality output. rush pa. tangina mo pala",Negative statement with bullying intentions,Bully
Maputalan ka sana ng titi gago ka,Negative statement with bullying intentions,Bully
Daming problema ng Pilipinas dadagdag ka pang gago ka eh,Negative statement with bullying intentions,Bully
Calamities and terrorism are different. Pwede bang mag declare ng martial law while bumabagyo? Ang tanga mo po. https://t.co/NlgzQrO59N,Negative statement with bullying intentions,Bully
@sieelcabahug patay kang yoongi doh stay in ur lane daw AHAHAHHA,Neutral statement,Not bully
"Dense. Apathetic pieces of shit. I have no more words, fuck you all mga walay buot https://t.co/hjHPFOBFhj",Negative statement with bullying intentions,Bully
Oh san na yung sinasabi mong di kami magtatagal haha bobo kapa sa bobo,Negative statement with bullying intentions,Bully
yan kase tangina ka hahahaha,Negative statement w/o bullying intentions,Not bully
promise babalik ka din sakin putangina ka antay ka lang,Negative statement w/o bullying intentions,Not bully
Muntanga kami ni bebe q kanina jusq hahahahaha parang batang naglalaro sa ulan<ed><U+00A0><U+00BD><ed><U+00B8><U+0082>,Neutral statement,Not bully
@Fionnuts bobo ka,Negative statement with bullying intentions,Bully
kingina mo delete comment ka palang gago ka e,Negative statement with bullying intentions,Bully
@nutmegmarfori tangina mo!! Wag kang mangealam sa post ng iba!! <ed><U+00A0><U+00BD><ed><U+00B8><U+00A0><ed><U+00A0><U+00BD><ed><U+00B8><U+00A0>,Negative statement with bullying intentions,Bully
@BeautifulJaaaay @nicolleengomez Hahahaha fuck you. Saturday nalang UDD tayo libre kita isang bote.,Negative statement w/o bullying intentions,Not bully
"Naadik ako sa kanta ng ""fuck you very very muuuucchhh"" @vylettecruzx HAHAHAHAHAHAHAH",Neutral statement,Not bully
@soulgeneral11 gago ka i mean kung sino sino pinagqqoute mo pati si pau <ed><U+00A0><U+00BD><ed><U+00B8><U+0092> inanto sapakin kaya kita babahain ka talaga,Negative statement with bullying intentions,Bully
tangina kadiri sumakit ulo ko dun,Negative statement w/o bullying intentions,Not bully
watch till the end hahahaha tangina mo Karen parang ganito yun puta ka <ed><U+00A0><U+00BD><ed><U+00B8><U+0082> @Karen_Padalhin @mariahylyzett https://t.co/C96SZKBVIR,Negative statement w/o bullying intentions,Not bully
"""harap harapan ka na niloloko, tanga ka pa din?""",Negative statement with bullying intentions,Bully
tangina mo https://t.co/frIULEpSsl,Negative statement with bullying intentions,Bully
"Pray everyone. Wag natin i down si president, walang may gusto nitong nangyayare kundi mga tarantado kaya mag kaisa lang tayo.",Neutral statement,Not bully
"Lulutang talaga bigla yung mga tanga kapag may mga ganitong sitwasyon.



Auq na <ed><U+00A0><U+00BE><ed><U+00B4><U+00A6><ed><U+00A0><U+00BC><ed><U+00BF><U+00BC><U+200D><U+2642><U+FE0F>",Negative statement w/o bullying intentions,Not bully
aanhin ko yung walang sounds??????????????? tanga ka ba,Negative statement with bullying intentions,Bully
tangina mo bakit ang demanding mo e ang pangit mo naman magturo booo chaka gago,Negative statement with bullying intentions,Bully
ulol tangina mo bay haha,Negative statement with bullying intentions,Bully
"Bobo ka ba? Oo bobo ka nga. Samoka mang discriminate oy, ampo paka diha dong. https://t.co/mNKRwZ33bX",Negative statement with bullying intentions,Bully
ganda nung kasabay ko sa jeep tas pag uwi ko nagopen ako ig niheart nya yung mga post ko kilala nya pala ko puta kahiya tinititigan ko,Neutral statement,Not bully
"friend mo yan tanga ka daw selma???whahah #IANUBabyBump

KapusoBrigade",Negative statement w/o bullying intentions,Not bully
"Filipinos be prayin for Manchester but they be bitchin for Mindanao. oh, go fuck yourselves",Negative statement with bullying intentions,Bully
"@mjbaselonia gago ka, sakpa ko panyaga sa friday, basi palilo ko",Negative statement w/o bullying intentions,Not bully
@yobansai_ Eww wag mong i pak patayin mo nalang. Una upuan ang ipapak mo tapos langaw naman,Negative statement w/o bullying intentions,Not bully
kung kelan ko gagamitin yung newchic na eyeshadow ko na gold tsaka nawawala tangina kailangan ko yon sa 30 huhu,Negative statement w/o bullying intentions,Not bully
puta kahiya<ed><U+00A0><U+00BD><ed><U+00B8><U+0082>,Negative statement w/o bullying intentions,Not bully
": reign! tao po?

ako: *lumabas* 

: ay puta ka bakit ang taba mo?



wow thanks",Negative statement w/o bullying intentions,Not bully
"While playing Mobile Legends



Austin: Pasok kaya ako sa cellphone ko para ako nalang sisira ng tore. Tatanga kasi.

Me:

Wifi:

Electric fan:",Negative statement with bullying intentions,Bully
jusko yung feeling na nung may nasaksak sa teleserye iniyakan muna bago dalhin sa ospital :)))) bobo niyo kairita,Negative statement w/o bullying intentions,Not bully
Ayokong humantong na papatay sila ng tao kapag iba yung faith nila.,Negative statement w/o bullying intentions,Not bully
Yung pinapapili ka tapos wala dun sa pinapapili niya bobo ka ba? Sumagot ka pa tanga,Negative statement with bullying intentions,Bully
bwiset ako na nga nagsosorry hinayupak tong gagong to baka ihampas ko sayo mutor mo ngayon din gago ka <ed><U+00A0><U+00BD><ed><U+00B6><U+0095><ed><U+00A0><U+00BD><ed><U+00B8><U+0082>,Negative statement with bullying intentions,Bully
Don't hit me up when its good for you who the fuck you think I am.,Negative statement w/o bullying intentions,Not bully
Baho ng paa ng katabi ko puta kaumay bes,Negative statement with bullying intentions,Bully
@Fionnuts ang bobo mo po. May action pa din tapos ganyan words mo.,Negative statement with bullying intentions,Bully
Fuck you omggg you asshole what the fuckkkk how dare you ruin my mothered land I am going to hurt you someday when your old fuck you,Negative statement with bullying intentions,Bully
Mga patagad all over my feed. Mga putangina mo pag puyo mo,Negative statement with bullying intentions,Bully
Nakakahiya ka...wala kang modo...simpleng utos lng naman yun hndi mo kailangan tratuhin ako na parang maid mo...gago ka!!!,Negative statement with bullying intentions,Bully
"Lahat nang magpapaturo dapat sakin sa stats na di na tumuloy, tangina niyo po. Pinaligo niyo lang ako hahahaha <ed><U+00A0><U+00BD><ed><U+00B8><U+0082>",Negative statement with bullying intentions,Bully
puta kalog hahaha,Negative statement w/o bullying intentions,Not bully
Putangina mo https://t.co/FXc6qAobBU,Negative statement with bullying intentions,Bully
Putangina mo. https://t.co/fOsduiS4yK,Negative statement with bullying intentions,Bully
tangina mo nalang! hahahahq,Negative statement w/o bullying intentions,Not bully
"tangina tong mga to, makapagsalita akala mo kadali dali patayin ng mga terorista! mga gago kayo kaya! aba.",Negative statement with bullying intentions,Bully
Super nakakastress na ayoko na mag nextweek anona 12hrs duty on my bday ayoko na pls patayin niyo na 'ko!?¿&amp;/@$#),Negative statement w/o bullying intentions,Not bully
ang sama ng tingin sakin ah. Siguro pinapatay mo na ko sa isip mo <ed><U+00A0><U+00BE><ed><U+00B4><U+0094><ed><U+00A0><U+00BD><ed><U+00B8><U+0082><ed><U+00A0><U+00BD><ed><U+00B8><U+009C>,Negative statement w/o bullying intentions,Not bully
Ang bobo mo boi https://t.co/dnAUsGrKp6,Negative statement with bullying intentions,Bully
Muka kang asong ulol na taga sambot ng tira tira tangina mo dog <ed><U+00A0><U+00BD><ed><U+00B6><U+0095><ed><U+00A0><U+00BC><ed><U+00BF><U+00BB> hahahahahahaha.,Negative statement with bullying intentions,Bully
I miss you but fuck you.,Negative statement with bullying intentions,Bully
ao maldita na kung maldita puta niyo,Negative statement with bullying intentions,Bully
Kulang kasi isa ka sa kanila tangina mo,Negative statement with bullying intentions,Bully
kakainit ng ulo si trillanes.<ed><U+00A0><U+00BD><ed><U+00B9><U+0084> go fuck yourself. <ed><U+00A0><U+00BD><ed><U+00B9><U+0084>,Negative statement with bullying intentions,Bully
"Tita: Blah blah blah putangina niyo eh. 



Me: Tita, ikaw po ina nila.",Negative statement with bullying intentions,Bully
Oo. Putangina mo. <ed><U+00A0><U+00BD><ed><U+00B8><U+0090><ed><U+00A0><U+00BD><ed><U+00B8><U+0095> https://t.co/k1UIDialwj,Negative statement with bullying intentions,Bully
ang ganda ng ka duo ko tangina kaso yasou gamer feeder pa pabuhat puta,Negative statement with bullying intentions,Bully
"iyo na nga si kim soohyun, may pagnanasa ka pa sa crush kong blogger puta ka https://t.co/NqOezh9zV2",Negative statement with bullying intentions,Bully
"Tanga ka ba, wala ng SarBay ano pa ikinagagalit mo ulol kainis ka",Negative statement with bullying intentions,Bully
gago ka pala e,Negative statement with bullying intentions,Bully
Bakit ang tanga mo? @leahnavarro https://t.co/tdU0jaX4oq,Negative statement with bullying intentions,Bully
@iJcMndza tangina ka <U+2639><U+FE0F><U+2639><U+FE0F><U+2639><U+FE0F>,Negative statement with bullying intentions,Bully
tanga tanga kasi,Negative statement with bullying intentions,Bully
Hi finman <ed><U+00A0><U+00BD><ed><U+00B1><U+008B> tangina mo <ed><U+00A0><U+00BD><ed><U+00B1><U+008B><ed><U+00A0><U+00BD><ed><U+00B1><U+008B><ed><U+00A0><U+00BD><ed><U+00B1><U+008B> https://t.co/A6s5wanJf1,Negative statement with bullying intentions,Bully
Hala ay sge lang di man sya mapatay kay wala man Ariana sa Ang Probinsyano <ed><U+00A0><U+00BD><ed><U+00B8><U+00A2> https://t.co/TGibdcte7c,Neutral statement,Not bully
ra kag tanga putangina mo,Negative statement with bullying intentions,Bully
bat kaya di ka gumawa ng sarili mong style? nakakaputa ka e,Negative statement with bullying intentions,Bully
Sana singbagal ng oras sa province ang oras sa mnl tangina kahit tadtarin ka sana ng responsibilidad ok lang e,Negative statement w/o bullying intentions,Not bully
Dae mo sabay sabayon lalaki huhu dae man kasya gabos na boto kayan sa nguso mo puta ka stfu,Negative statement with bullying intentions,Bully
@therestlesss @mckdlrs @superjosette @Annhelss @unoaugustus patay ka mick! Hahahaha. \n/,Neutral statement,Not bully
random thought: hindi ko kaya panindigan #virginyear and #soberyear ko tangina kasalanan ni leni 'to,Negative statement with bullying intentions,Bully
Gosh pinapatay mo yata sarili mo eh,Negative statement w/o bullying intentions,Not bully
when u replied 'puta ka' instead of 'punta ka' di naman kasi ako nagmamadali mag type <ed><U+00A0><U+00BD><ed><U+00B8><U+0085>,Neutral statement,Not bully
HAHAHAHAHAHAHHAHAHAHA nahiya tuloy ako <ed><U+00A0><U+00BD><ed><U+00B8><U+00B9><ed><U+00A0><U+00BD><ed><U+00B9><U+0088> puta ka https://t.co/M5kJsl79de,Negative statement w/o bullying intentions,Not bully
papatayin kita jan e hahaha,Negative statement w/o bullying intentions,Not bully
nagmemens yung mobile legends ko <ed><U+00A0><U+00BD><ed><U+00B8><U+0082><ed><U+00A0><U+00BD><ed><U+00B8><U+0082><ed><U+00A0><U+00BD><ed><U+00B8><U+0082> bobo kakampi <ed><U+00A0><U+00BD><ed><U+00B8><U+0092><ed><U+00A0><U+00BD><ed><U+00B8><U+0092><ed><U+00A0><U+00BD><ed><U+00B8><U+0092>,Negative statement with bullying intentions,Bully
puta kaingay ng bata na 'to suyupin kita jan mamaya,Negative statement with bullying intentions,Bully
anak na ata si cardo ang papatay kay don emilio,Negative statement w/o bullying intentions,Not bully
"Nagcommercial lang pagkapatay kay Joaquin, nanganak na si Alyana <ed><U+00A0><U+00BD><ed><U+00B8><U+0082> #FPJAPHulingHarapan",Negative statement w/o bullying intentions,Not bully
"Nagcommercial lang pagkapatay kay Joaquin, nanganak na si Alyana <ed><U+00A0><U+00BD><ed><U+00B8><U+0082> #FPJAPBagongBuhay",Negative statement w/o bullying intentions,Not bully
tangina mo trillanes kakagigil ka,Negative statement with bullying intentions,Bully
"first of all, fuck you. 'yang mentality mo na 'yan ang isa sa mga reasons kung ba't di umuunlad ang bansa natin. https://t.co/UW3dndf6rX",Negative statement with bullying intentions,Bully
fuck yourself asshole,Negative statement with bullying intentions,Bully
@mychasaguibo_ patayin mo na ako fwend now na. Ay juk<ed><U+00A0><U+00BD><ed><U+00B8><U+0082>,Negative statement w/o bullying intentions,Not bully
"Mukhang gago ka talaga, Jess. <ed><U+00A0><U+00BD><ed><U+00B8><U+008F><ed><U+00A0><U+00BD><ed><U+00B8><U+008F><ed><U+00A0><U+00BD><ed><U+00B8><U+008F>",Negative statement with bullying intentions,Bully
"Na aksidente na nga sila nagsisihan at away pa. tangina niyo po



#DTBYInYourSleep",Negative statement w/o bullying intentions,Not bully
@owwsiccc tangina ka @owwsiccc lagi mo nalang akong pinapasaya! Hahaahahaha leche ka! Haahahaha https://t.co/0xGeKorfPQ,Negative statement w/o bullying intentions,Not bully
tangina mo po kuya ma issue ka ay,Negative statement with bullying intentions,Bully
Naoobliga pa tuloy ako. Hay tanga mo naman kasi kat,Negative statement with bullying intentions,Bully
@emkey @Absolutalbert HAHAHAHAHAH DeDeEs tangina ka Mark,Negative statement w/o bullying intentions,Not bully
Like tangina mo Clara hahaha#AsNTM5,Negative statement w/o bullying intentions,Not bully
@ganaprilynn hahahahahhahahahahahaha tanga mo,Negative statement w/o bullying intentions,Not bully
"Me, eating, tanga mode @ SM Seaside City Cebu (Official) https://t.co/CdhUkpYjfU",Negative statement w/o bullying intentions,Not bully
tangina nilalamig na ako rito sa bus coz i forgot to bring a jacket kingina huhu,Negative statement w/o bullying intentions,Not bully
Excuse you Shikin? Catwalk na yan puta ka? Hahahaha #affected <ed><U+00A0><U+00BD><ed><U+00B1><U+008E><ed><U+00A0><U+00BC><ed><U+00BF><U+00BD>,Negative statement w/o bullying intentions,Not bully
Isang saksak lang pala ng kutsilyo ang makakapatay kay Joaquin <ed><U+00A0><U+00BD><ed><U+00B8><U+0082><ed><U+00A0><U+00BD><ed><U+00B8><U+0082><ed><U+00A0><U+00BD><ed><U+00B8><U+0082>,Negative statement w/o bullying intentions,Not bully
tangina mo clara #antm5 HHAHAHAHAHAHAHAHAHAHAHA,Negative statement w/o bullying intentions,Not bully
"Napakagago mo po talaga Tatay Teddy



#DTBYInYourSleep",Negative statement w/o bullying intentions,Not bully
@GreysAzure mao jud wahahhahahahahahha gago kaayo,Negative statement w/o bullying intentions,Not bully
tangina ka https://t.co/PRMY6zV8Og,Negative statement with bullying intentions,Bully
naku Benjie pagnamatay k papatayin kita' kya gumising kna maawa k kay Sinag uhh #DTBYInYourSleep,Negative statement w/o bullying intentions,Not bully
tangina kase mag mamahal nalang bat sa bakla pa!!<ed><U+00A0><U+00BD><ed><U+00B8><U+0092> Ang tanga ko!,Negative statement with bullying intentions,Bully
wag mo akong idinadamay sa bwisit mong tangina mo,Negative statement with bullying intentions,Bully
Vicente the grim ripper!!! nakailang patay ka na kaw na sunod!@ellagrin @mara_kech16,Negative statement w/o bullying intentions,Not bully
Ako ako papatay kay Vicente!Asan ang baril ko?<ed><U+00A0><U+00BD><ed><U+00B8><U+0091> #DTBYInYourSleep https://t.co/k8L6gaEMJ7,Negative statement w/o bullying intentions,Not bully
"tangina mo Vicente kaw dapat mamatay sobrang sama mo, go to hell",Negative statement w/o bullying intentions,Not bully
Hay naku! Paisa lng puede? Dalang dala aq eksenang ito e! Bka pde? Ako nlng papatay kay lolo Vicente! Npka sinungaling e! #DTBYInYourSleep,Negative statement w/o bullying intentions,Not bully
"tarantado ka vicente!!!

pag nakita kita ako pupulbos sayo!!!

ilalagay kita sa hukay!!!!!<ed><U+00A0><U+00BD><ed><U+00B4><U+00AA><ed><U+00A0><U+00BD><ed><U+00B4><U+00AA><ed><U+00A0><U+00BD><ed><U+00B4><U+00AA><ed><U+00A0><U+00BD><ed><U+00B4><U+00AA>

#DTBYInYourSleep",Negative statement w/o bullying intentions,Not bully
anong klaseng lolo ka? pnapatay mo ang hindi dpat mmtay nakakamis tress ka. #DTBYInYourSleep https://t.co/UPBkBf0ZuJ,Negative statement w/o bullying intentions,Not bully
#DTBYInYourSleep patayin niyo narn sarili nyo 2days nlng ang sarap mgwala,Negative statement w/o bullying intentions,Not bully
Putangina ginagago mo kami,Negative statement with bullying intentions,Bully
"He just said ""open it"" not to ""read it"" putangina mo magkaiba yon. Akala koba matalino ka? Akala koba? <ed><U+00A0><U+00BD><ed><U+00B8><U+0082><ed><U+00A0><U+00BD><ed><U+00B1><U+008B>",Negative statement with bullying intentions,Bully
Ayan tangina ka Clara <ed><U+00A0><U+00BD><ed><U+00B8><U+0082> #AsNTM5,Negative statement w/o bullying intentions,Not bully
so bobo kasi huhu<ed><U+00A0><U+00BD><ed><U+00B8><U+0094>,Negative statement with bullying intentions,Bully
Sino na namang Wells ang papatayin nila next season,Negative statement w/o bullying intentions,Not bully
"#DTBYInYourSleep 



Lolo Vicente si TRISH na lang patayin mo, HAPPY kami Promise !",Negative statement w/o bullying intentions,Not bully
ang bitch mo kase clara kaya ka nasa bottom 2 hehez #AsNTM5,Negative statement with bullying intentions,Bully
@bxtchitsmg na notice nako niya fuck ka gwapa hahahaha,Negative statement w/o bullying intentions,Not bully
Ka ulol mo na tao,Negative statement with bullying intentions,Bully
tangina mo lalo ako naiiyak <ed><U+00A0><U+00BD><ed><U+00B8><U+00AD> @immikaycastillo,Negative statement with bullying intentions,Bully
@HaloCamsie @RaaaeeeAnn tanga kasi si alme mga kinikilos natatawa ako iba yung namumula hahaha,Negative statement w/o bullying intentions,Not bully
di ako makapagmura sa facebook. tangina kase friends ko mga teachers namen brad. hard na dis.,Negative statement with bullying intentions,Bully
@ryeeeeyr Potangina? Hahahaha tarantado ka talaga hahahahaha,Negative statement w/o bullying intentions,Not bully
ang gago mo deej <ed><U+00A0><U+00BD><ed><U+00B8><U+0082> bat kinalimutan mo yung sukli,Negative statement with bullying intentions,Bully
Maka linte tung pinsan ko<ed><U+00A0><U+00BD><ed><U+00B8><U+0082> puta ka,Negative statement with bullying intentions,Bully
ulol ka po di ako ka gaya ng iba jusko <ed><U+00A0><U+00BD><ed><U+00B9><U+0084>,Negative statement with bullying intentions,Bully
tangina kasalanan ko nanaman,Negative statement w/o bullying intentions,Not bully
Hi friend putangina mo <ed><U+00A0><U+00BD><ed><U+00B8><U+008A>,Negative statement with bullying intentions,Bully
Putangina mo din<ed><U+00A0><U+00BD><ed><U+00B8><U+0082> https://t.co/o8TnNScDno,Negative statement with bullying intentions,Bully
Dami kong kagat ng lamok. Guys lamok na lang patayin niyo pls.,Neutral statement,Not bully
"ka bobo mo talaga puta. puro ka pa abs linte , di unta ka maka graduate uy yawa.",Negative statement with bullying intentions,Bully
Sagad sagaran lahat ng tao ah. Onti nalang hahaha tangina niyo po with love,Negative statement with bullying intentions,Bully
"Kasalanan ko talaga un, tanga tanga kasi ako",Negative statement w/o bullying intentions,Not bully
"NV

""Guys! 'Wag niyo akong daldalin tuwing math a. Favorite ko 'yun e.""



ulol ka <ed><U+00A0><U+00BD><ed><U+00B6><U+0095>",Negative statement with bullying intentions,Bully
tangina ka talaga hahahahahahahahahahaha @itsmerchrdcao https://t.co/hB2gWNDm6Q,Negative statement w/o bullying intentions,Not bully
We need to get out of this place soon <ed><U+00A0><U+00BD><ed><U+00B8><U+009E>,Neutral statement,Not bully
GOODNIGHT <ed><U+00A0><U+00BD><ed><U+00B8><U+008A>,Neutral statement,Not bully
#PrayForMarawi God save us.,Neutral statement,Not bully
MAS NAMI PA GALIBAKANAY MGA TAO DI LANG MAGPATYANAY HUHU,Neutral statement,Not bully
#PrayForMarawi #PrayForTheWorld,Neutral statement,Not bully
"Dear Mr. President, please focus on the welfare of the Filipino people in Mindanao over anything. #PrayForMarawi",Neutral statement,Not bully
Let us all unite &amp; pray for fast peaceful resolution of the crisis in Marawi.,Neutral statement,Not bully
jusq nakakatakot na :---(,Neutral statement,Not bully
"No matter who the president is, it is only imperative for him/her to declare Martial Law in times like this.",Neutral statement,Not bully
Its fine i said<ed><U+00A0><U+00BD><ed><U+00B8><U+00A9>,Neutral statement,Not bully
"dudes,Just accept that BTS won in the TOP SOCIAL ARTIST AWARD Your'e just too obvious that you are "" Inggit"" Dont evr say that wev'e cheated",Negative statement w/o bullying intentions,Not bully
@baiREENA martial law na sa buong Mindanao! Subhanallah,Neutral statement,Not bully
Miss u bigtime <ed><U+00A0><U+00BD><ed><U+00B8><U+00A9>,Neutral statement,Not bully
zzzhunga mo,Negative statement w/o bullying intentions,Not bully
Hayop https://t.co/DQzqXD6wYA,Neutral statement,Not bully
"Lord, embrace us with your peace and love <ed><U+00A0><U+00BD><ed><U+00B9><U+008F><ed><U+00A0><U+00BC><ed><U+00BF><U+00BC><ed><U+00A0><U+00BD><ed><U+00B8><U+00A2>",Neutral statement,Not bully
"I just don't know what to say. I guess, thank you so much is enough? Haha thank you again! <U+263A> @… https://t.co/o5lHHxDbwm",Neutral statement,Not bully
<ed><U+00A0><U+00BD><ed><U+00B8><U+00AD> https://t.co/cVvB2hNuEd,Neutral statement,Not bully
@fred_isurita Katakot pre tangina,Negative statement w/o bullying intentions,Not bully
Giblock man lagi ko nimo? @leahnavarro HAHAHAHA ULOL,Negative statement with bullying intentions,Bully
<ed><U+00A0><U+00BD><ed><U+00B8><U+0094><ed><U+00A0><U+00BD><ed><U+00B8><U+0094> https://t.co/oQOblM8ulB,Neutral statement,Not bully
@ilysmvg @SuperbVicey gwapo@ni vice lakas ng dating eh. Hay,Neutral statement,Not bully
Kosa pa baaaa? Fuccccccc!,Neutral statement,Not bully
Earlier lol. https://t.co/cEWXCHt32u,Neutral statement,Not bully
Goodnight baby<ed><U+00A0><U+00BD><ed><U+00B2><U+0099> @smmendoza_,Neutral statement,Not bully
@MikeofNewYORK #FYI: Several districts in Marawi City only not the entire #Mindanao.,Neutral statement,Not bully
<U+B0B4><U+AC00> <U+C65C> ? <ed><U+00A0><U+00BD><ed><U+00B8><U+009B>,Neutral statement,Not bully
On point pre https://t.co/lw9l9foZnx,Neutral statement,Not bully
Oh my.,Neutral statement,Not bully
@chikoko_05 Ang BOKEH ra'y akoa. Haha!,Neutral statement,Not bully
uhm lol???????? Uhm wow????????????,Neutral statement,Not bully
uh what's happening?,Neutral statement,Not bully
So suddenly i'm inlove with a stranger<ed><U+00A0><U+00BC><ed><U+00BE><U+00B6>,Neutral statement,Not bully
Nakakatakot na mabuhay<ed><U+00A0><U+00BD><ed><U+00B9><U+0081>,Neutral statement,Not bully
Ang laki papala,Neutral statement,Not bully
Martial Law already declared,Neutral statement,Not bully
kati ng pwet ko,Neutral statement,Not bully
@ThePirateCutie di m naman pinaparamdam eh hahaha,Neutral statement,Not bully
nakakaantok,Neutral statement,Not bully
we need more people like this https://t.co/l4Mc6Xkk70,Neutral statement,Not bully
stop being so childish <ed><U+00A0><U+00BD><ed><U+00B9><U+0083>,Neutral statement,Not bully
Can't sleep with all these news <ed><U+00A0><U+00BD><ed><U+00B8><U+00AD><ed><U+00A0><U+00BD><ed><U+00B8><U+00AD><ed><U+00A0><U+00BD><ed><U+00B8><U+00AD> #PRAYPRAYPRAY,Neutral statement,Not bully
"I feel it in my bones, You are about to move!!!!!!!!!!!!",Neutral statement,Not bully
Alam mo yung mas masakit? Yung wala kang magawa kundi ang ipagdasal nalang na sana maging ligtas ang bawat isa at matapos na ang kaguluhan<ed><U+00A0><U+00BD><ed><U+00B8><U+00A2>,Neutral statement,Not bully
https://t.co/MCOm1W9sIe,Neutral statement,Not bully
<ed><U+00A0><U+00BD><ed><U+00B8><U+008D> @ Makati Avenue https://t.co/isErrbSWOw,Neutral statement,Not bully
<U+2705>2/4 <ed><U+00A0><U+00BD><ed><U+00B8><U+0081><ed><U+00A0><U+00BD><ed><U+00B9><U+008C> https://t.co/6bQ2uHku0T,Neutral statement,Not bully
@joeythegago this thread tho <ed><U+00A0><U+00BD><ed><U+00B2><U+00AF>,Neutral statement,Not bully
Set aside differences in political views at times like this,Neutral statement,Not bully
#PrayForMindanao <ed><U+00A0><U+00BD><ed><U+00B9><U+008F>,Neutral statement,Not bully
Tomorrow. I'll be standing in front of the main bldg. for an hour as a sign of support for the people of Marawi,Neutral statement,Not bully
Just a bad day indeed.,Neutral statement,Not bully
ako lang ba pero parang ok din na matapos na yung mundo?,Neutral statement,Not bully
Damn lakas ng tama mo sakin.,Neutral statement,Not bully
@tmacshuai <U+6709><U+73A9><U+5417>,Neutral statement,Not bully
Don't let social media fool you.,Neutral statement,Not bully
Mornight,Neutral statement,Not bully
TRUST OUR GOV'T WITH THIS!!! Don't keep yourself busy by overreacting <ed><U+00A0><U+00BD><ed><U+00B8><U+008F>,Neutral statement,Not bully
tino na ko neto sa congre bish hahaha,Neutral statement,Not bully
"#PrayForMarawi Lord please keep the people of marawi safe, they badly need you now. <ed><U+00A0><U+00BD><ed><U+00B8><U+00A2><ed><U+00A0><U+00BD><ed><U+00B8><U+00A2>",Neutral statement,Not bully
"I won't hide the fact that I'm so bothered right now, an ML declaration means the situation in Marawi has become graver.",Neutral statement,Not bully
Kim soo hyun and Jun ji hyun<ed><U+00A0><U+00BD><ed><U+00B8><U+008D> Ibalek nyo na uli yung loveteam nyo!<ed><U+00A0><U+00BD><ed><U+00B8><U+008D><ed><U+00A0><U+00BD><ed><U+00B8><U+00AD><ed><U+00A0><U+00BD><ed><U+00B8><U+00AD>,Neutral statement,Not bully
Ig story: @Troi01 https://t.co/E0cQdBnilx,Neutral statement,Not bully
Goes to show your poor comprehension of a) Martial Law b) Geography c) Terrorism and d) logic in general.,Neutral statement,Not bully
"To that person who is apathetic about the Marawi issue on Twitter, that the war is normal in Mindanao, shut up ka na lang gago.",Negative statement w/o bullying intentions,Not bully
"For those wondering why President Duterte declared Martial Law in Mindanao all of a sudden.

https://t.co/u8zKwvcT5o",Neutral statement,Not bully
outdated,Neutral statement,Not bully
"Let's 

#PrayForMarawi #PrayForTheWorld <ed><U+00A0><U+00BD><ed><U+00B9><U+008F><ed><U+00A0><U+00BD><ed><U+00B8><U+00AD>",Neutral statement,Not bully
"Too many innocent people killed, and prolly a lot more to come. This is why i am crying my heart out right now. Atay naunsa naman ni <ed><U+00A0><U+00BD><ed><U+00B8><U+00AD><ed><U+00A0><U+00BD><ed><U+00B8><U+00AD><ed><U+00A0><U+00BD><ed><U+00B8><U+00AD>",Neutral statement,Not bully
Bakit ganon kailangan pa pumatay #PrayForMarawi,Neutral statement,Not bully
sobrang nakakashookt ang mga happenings. i need a break.,Neutral statement,Not bully
"happy birthday, godbless!!<ed><U+00A0><U+00BD><ed><U+00B2><U+0099><ed><U+00A0><U+00BC><ed><U+00BE><U+0081><ed><U+00A0><U+00BC><ed><U+00BE><U+0089> @zeljoyceee",Neutral statement,Not bully
grabe na :(((,Neutral statement,Not bully
<ed><U+00A0><U+00BD><ed><U+00B9><U+008F> https://t.co/Gedhm8JoxP,Neutral statement,Not bully
Dami gastusin <ed><U+00A0><U+00BD><ed><U+00B8><U+00AD><ed><U+00A0><U+00BD><ed><U+00B2><U+0094>,Neutral statement,Not bully
Smile lang hihi,Neutral statement,Not bully
"Don't worry, God is in control of everything. <ed><U+00A0><U+00BD><ed><U+00B9><U+008F>",Neutral statement,Not bully
Decisions. Consequences. -_-,Neutral statement,Not bully
"@vanzmercado good night miss vanessa



LovingInTandem KISSMARC",Neutral statement,Not bully
Inext ko <ed><U+00A0><U+00BE><ed><U+00B7><U+0080> in the trap,Neutral statement,Not bully
i love you so much thank you for always lighting up my mood when im down and for making me happy everyday https://t.co/xhyPMo9w3b,Neutral statement,Not bully
Sofi de la Torre<ed><U+00A0><U+00BD><ed><U+00B4><U+00A5>,Neutral statement,Not bully
Gutooooommmm,Neutral statement,Not bully
"Just posted a photo @ Dambana ng Kagitingan (Mt. Samat, Pilar, Bataan) https://t.co/JqYVvALVjt",Neutral statement,Not bully
these people keep on thinking that marcos' martial law and today's martial law are the same. THEY ARE TOTTALY DIFFERENT my friends so pls.,Neutral statement,Not bully
"Article 7, Section 8: Martial Law can only be done ""in case of invasion or rebellion, when the public safety requires it.""",Neutral statement,Not bully
Loot loot loot<ed><U+00A0><U+00BD><ed><U+00B2><U+00B0><ed><U+00A0><U+00BD><ed><U+00B2><U+00B0><ed><U+00A0><U+00BD><ed><U+00B2><U+00B0>,Neutral statement,Not bully
"@BryJosh @frncsivan PINCTURAN KA NA NON. ""SHOUTOUT PO DITO SA LALAKING TO SINANDALAN AKO BIGLA "" HAHAHAHAHAHHAHA SIKAT KA NA BRY",Neutral statement,Not bully
"Whether in Europe or here in Mindanao, no one is safe for terrorist attacks :(",Neutral statement,Not bully
ya what's this,Neutral statement,Not bully
"Berderet mesej masuk, siap terus bg pic even tak mintak dgn harapan sigebu comel akan berkenan. Itulah hakikatnya.. kalau xde rupa, susah.",Neutral statement,Not bully
Samgyupsal<ed><U+00A0><U+00BC><ed><U+00BD><U+00B4><ed><U+00A0><U+00BD><ed><U+00B8><U+008B> https://t.co/tfzIj6btta,Neutral statement,Not bully
DI NA MAKAYA NG BRAIN CELLS KO.,Neutral statement,Not bully
Fiction reveals the truth that reality obscures.,Neutral statement,Not bully
gn <ed><U+00A0><U+00BD><ed><U+00B9><U+008F><ed><U+00A0><U+00BC><ed><U+00BF><U+00BC><ed><U+00A0><U+00BD><ed><U+00B9><U+008F><ed><U+00A0><U+00BC><ed><U+00BF><U+00BC>,Neutral statement,Not bully
Facebook no more,Neutral statement,Not bully
Can't study properly :---( kakasad nung mga balita. Nakakawalang gana men,Neutral statement,Not bully
Peste ka https://t.co/JojjP0yUua,Negative statement with bullying intentions,Bully
Just posted a photo @ Starbucks Hanston Bldg. https://t.co/5y2bpS6tLi,Neutral statement,Not bully
Jini my awsome freak friend<ed><U+00A0><U+00BD><ed><U+00B8><U+0082><ed><U+00A0><U+00BD><ed><U+00B8><U+0082><ed><U+00A0><U+00BD><ed><U+00B8><U+0082><ed><U+00A0><U+00BD><ed><U+00B8><U+0082> Love u girl just kidding https://t.co/l7TFlnzswK,Neutral statement,Not bully
Paano mo nagagawa to? <ed><U+00A0><U+00BD><ed><U+00B1><U+008E><ed><U+00A0><U+00BC><ed><U+00BF><U+00BB><ed><U+00A0><U+00BD><ed><U+00B8><U+00A4><U+2639><U+FE0F><ed><U+00A0><U+00BD><ed><U+00B8><U+0092><ed><U+00A0><U+00BD><ed><U+00B8><U+00A9>,Neutral statement,Not bully
kauwagan ba ihunong oy,Neutral statement,Not bully
At halos lahat ng kanta na naririnig ko ngayon siya ang naaalala HAHAHAHAHHHAA. Char https://t.co/NtQSIO01tV,Neutral statement,Not bully
Boss Ernie's Surprise Demin inspired Despedida Party <ed><U+00A0><U+00BD><ed><U+00B8><U+0082> #despedida #stayhealthy? https://t.co/n0atNBLGZB,Neutral statement,Not bully
https://t.co/PVaTxpP36F,Neutral statement,Not bully
wala na diay ang twins :----( #AsNTM5,Neutral statement,Not bully
Can't wait for you do be doctor<ed><U+00A0><U+00BD><ed><U+00B8><U+0098><ed><U+00A0><U+00BD><ed><U+00B8><U+0082> doc. @enkelivldcnts,Neutral statement,Not bully
#askjonaxx bat ang galing mong gumawa BS kwin ? Lalo na yung kay vince HAHAHA,Neutral statement,Not bully
natatawa pa din ako sa kantahan kanina <ed><U+00A0><U+00BD><ed><U+00B8><U+0082>,Neutral statement,Not bully
4 yrs ago palang yun wthhhh,Neutral statement,Not bully
Apathy is complicity. Silence is complicity. Take no shit. #Resist,Neutral statement,Not bully
mura ata kog ulod dri nagsayawsayaw sa beat sa Despacito.....,Neutral statement,Not bully
Salamat sa libre Chelluh Yaeso my best friend!!!!! <ed><U+00A0><U+00BD><ed><U+00B8><U+0082>,Neutral statement,Not bully
Pagputi ng uwak <ed><U+00A0><U+00BD><ed><U+00B8><U+0082>,Neutral statement,Not bully
ho ho ho https://t.co/TYGB1puq3E,Neutral statement,Not bully
"Before sex u help each other get naked,After sex u only dress urself. Moral lesson in life no one helps u Once you're fucked!

#realtalk",Neutral statement,Not bully
I know i know,Neutral statement,Not bully
Happy Fiesta La Paz <ed><U+00A0><U+00BD><ed><U+00B1><U+008C> https://t.co/L5ha6rNz3H,Neutral statement,Not bully
42% of the Philippines's Trends for Wednesday 24 were hashtags: https://t.co/yCoVAPXLqK #trndnl,Neutral statement,Not bully
https://t.co/Le9H8ucxt1,Neutral statement,Not bully
"Sorry po, slow pa ko sa tanan slow <ed><U+00A0><U+00BD><ed><U+00B8><U+0082><ed><U+00A0><U+00BD><ed><U+00B8><U+0082><ed><U+00A0><U+00BD><ed><U+00B8><U+0082>",Neutral statement,Not bully
someday.,Neutral statement,Not bully
ay 5 pala,Neutral statement,Not bully
Hala enebe eunwoo <ed><U+00A0><U+00BD><ed><U+00B8><U+0082><U+2665><U+FE0F> https://t.co/RXl8seGSOb,Neutral statement,Not bully
Kyaaah,Neutral statement,Not bully
Ang kj ni mama<ed><U+00A0><U+00BD><ed><U+00B8><U+0094>,Neutral statement,Not bully
@PambingGwapo sige pag nagpalit ka na lang ulit atska ko pusuan. inform mo na lang ako <ed><U+00A0><U+00BD><ed><U+00B8><U+0082><ed><U+00A0><U+00BD><ed><U+00B8><U+0082><ed><U+00A0><U+00BD><ed><U+00B8><U+0082><ed><U+00A0><U+00BD><ed><U+00B8><U+0082>,Neutral statement,Not bully
ASJDJSJSJSJA https://t.co/KUqtpOEbgc,Neutral statement,Not bully
Fuck,Negative statement w/o bullying intentions,Not bully
tangigit *-*,Neutral statement,Not bully
"COVER TO COVER BA TALAGA SA BASNUT. 

ASSDFFGHHJKLLL",Negative statement w/o bullying intentions,Not bully
@PhilipSaladio bla bla bla <ed><U+00A0><U+00BD><ed><U+00B8><U+0082>,Neutral statement,Not bully
srsly nakakamiss ka sobra pero wala di kana dapat kausapin pa,Neutral statement,Not bully
@SuicidalSoviet Mein Delegates,Neutral statement,Not bully
Humans without humanity <ed><U+00A0><U+00BD><ed><U+00B1><U+0080>,Negative statement w/o bullying intentions,Not bully
HAHAHAHA FINALLY AT THIS VERY MOMENt 12:27AM NASAGOT KO NA LAHAT NG KINOCONTEMPLATE KO HAHAHAHAHAHA,Neutral statement,Not bully
"Hadits Tirmidzi 1338



<U+062D><U+064E><U+062F><U+064E><U+0651><U+062B><U+064E><U+0646><U+064E><U+0627> <U+0633><U+064E><U+0644><U+064E><U+0645><U+064E><U+0629><U+064F> <U+0628><U+0652><U+0646><U+064F> <U+0634><U+064E><U+0628><U+0650><U+064A><U+0628><U+064D> <U+0648><U+064E><U+062D><U+064E><U+0627><U+062A><U+0650><U+0645><U+064F> <U+0628><U+0652><U+0646><U+064F> <U+0633><U+0650><U+064A><U+064E><U+0627><U+0647><U+064D> <U+0627><U+0644><U+0652><U+0645><U+064E><U+0631><U+0652><U+0648><U+064E><U+0632><U+0650><U+064A><U+064F><U+0651>? https://t.co/CfCTKKSo4O",Neutral statement,Not bully
cramming is my hobby ganon?,Neutral statement,Not bully
Kinsay gahimo ani? Hahahahahhahaa https://t.co/1irEoen2i3,Neutral statement,Not bully
aws pako na guboh HAHAHA laban sesh,Neutral statement,Not bully
kilay kasi talaga eh hays,Neutral statement,Not bully
Ate @maxinejiji buong gabi eto lang ginagawa ko. Para matapos ko ito para sayo! https://t.co/q5CcITVrjQ,Neutral statement,Not bully
"medyo makirot padin sikmura ko, why kaya?",Neutral statement,Not bully
Kelan pa naging +86 yung umpisa ng number sa middle east?,Neutral statement,Not bully
Wildest Dream https://t.co/Z1wAwon4nw,Neutral statement,Not bully
CAMP NA BUKAS TAS DI PA AKO NAGIIMPAKE,Neutral statement,Not bully
"4 days nalang hehe diba taena, taena diba",Negative statement w/o bullying intentions,Not bully
nakoooo,Neutral statement,Not bully
sobra kong na down,Neutral statement,Not bully
makuha ka sa tingin <ed><U+00A0><U+00BD><ed><U+00B1><U+0080> https://t.co/uaY0x87C9z,Neutral statement,Not bully
@LagranaJohn kupal bat moko tinulugan,Neutral statement,Not bully
OMGGGGGGGGGGGGGGGGGGGGGGGGGGGGGGGGGGGGGGGGGGGGGGGGGGGGGGG,Neutral statement,Not bully
@punzalancymon @virayjoshlyn Ohhhhhh!!!!! Mahirap hiwalay kayo ksi bro,Neutral statement,Not bully
Tangina ang sakit.,Negative statement w/o bullying intentions,Not bully
tanginang neuro why have to be this demanding <ed><U+00A0><U+00BD><ed><U+00B8><U+00B3> <ed><U+00A0><U+00BD><ed><U+00B9><U+0084>,Negative statement w/o bullying intentions,Not bully
Home <U+25B6> Lima <U+25B6> Levitown <U+25B6> Balete <U+25B6> Bilucao <U+25B6> Poblacion <U+25B6> Bagong Pook <U+25B6> Home,Neutral statement,Not bully
<ed><U+00A0><U+00BD><ed><U+00B9><U+0084><ed><U+00A0><U+00BD><ed><U+00B9><U+0084><ed><U+00A0><U+00BD><ed><U+00B9><U+0084><ed><U+00A0><U+00BD><ed><U+00B9><U+0084><ed><U+00A0><U+00BD><ed><U+00B9><U+0084><ed><U+00A0><U+00BD><ed><U+00B9><U+0084><ed><U+00A0><U+00BD><ed><U+00B9><U+0084><ed><U+00A0><U+00BD><ed><U+00B9><U+0084><ed><U+00A0><U+00BD><ed><U+00B9><U+0084><ed><U+00A0><U+00BD><ed><U+00B9><U+0084>,Neutral statement,Not bully
drunk!,Neutral statement,Not bully
germs,Neutral statement,Not bully
Pillowtalk https://t.co/LqRPmzJtk8,Neutral statement,Not bully
NING CHAT JOD SIYAAAAAAAAAAAAAAAAAAAAAAAAAAAAAA,Neutral statement,Not bully
"10 years from now, swag ain't gonna pay the bills.",Neutral statement,Not bully
Hindi tlga lahat ng makakasalimuha mo eh maganda ang salita sayo. Yung iba mabait nga matalas naman ang dila.,Neutral statement,Not bully
@jnnxortiz Ewan <ed><U+00A0><U+00BD><ed><U+00B8><U+0082><ed><U+00A0><U+00BD><ed><U+00B8><U+0082>,Neutral statement,Not bully
Deym.,Negative statement w/o bullying intentions,Not bully
Yung video na bawal ipost. 10k ang shares. Alin ba??? Hahahahaha,Neutral statement,Not bully
Para akong tangang nagd'drama sa mga kaibigan ko,Neutral statement,Not bully
@reynabonettaa walaaay lain pwede e shat? hahahaha puyo ta uy way kwrta HAHAHAHA,Neutral statement,Not bully
Maimbyerna ra gyud ka ana niya. Pataka ra siya ug istorya. https://t.co/ssiNGsCWrf,Neutral statement,Not bully
Gsto kong iunfriend na nila ako HAHAHA <ed><U+00A0><U+00BD><ed><U+00B8><U+0082>,Neutral statement,Not bully
tang ina tang ina tang ina tang ina tang ina tang ina tang ina tang ina tang ina tang ina tang ina tang ina tang ina tang ina tang ina,Negative statement w/o bullying intentions,Not bully
Wala ng tao!!! Ako na lang... kaya pa <ed><U+00A0><U+00BD><ed><U+00B8><U+0082><U+270C><ed><U+00A0><U+00BC><ed><U+00BF><U+00BB> #vantageinternational #coachpatg @ Vantage International https://t.co/sUpwDgTJLe,Neutral statement,Not bully
Atm. https://t.co/edcEMvvGxh,Neutral statement,Not bully
Shet anshaketttt,Negative statement w/o bullying intentions,Not bully
@OnelTy_ ayy paano 'yun? :---(,Neutral statement,Not bully
HAHAHAAHHAHAAH EFFECTIVE AKONG PAGTWEET HAHAHAHHAAHHAHAHA,Neutral statement,Not bully
@Dhudotwszxc Aysus!,Neutral statement,Not bully
predicted di na sya tung akong nakaila before,Neutral statement,Not bully
Onti nalang pls,Neutral statement,Not bully
Yes she is <U+2764> loveyou https://t.co/L0aMQXu4sR,Neutral statement,Not bully
Hassle,Neutral statement,Not bully
i would like to thank my fans! for defending and supporting me kahit ano man mangyari <U+263A><U+FE0F> #ShamNielFTW https://t.co/QSQizwXQfT,Neutral statement,Not bully
"mi fav date of all toooiiime! <ed><U+00A0><U+00BD><ed><U+00B8><U+0092><U+2661> (@ Sensei Sushi Bar in Parañaque, Metro Manila) https://t.co/7Jh4kKwQ7f https://t.co/Bmwybs7vAf",Neutral statement,Not bully
Ugh https://t.co/mo3rovDPvS,Neutral statement,Not bully
the scene is hot https://t.co/ay1mx6oDQK,Neutral statement,Not bully
Wala ako talaga rest <U+2639><U+FE0F>,Neutral statement,Not bully
Pedro Gil and Padre Faura streets at this our are so aesthetically pleasing to the eye.,Neutral statement,Not bully
Its not a sin,Neutral statement,Not bully
"di pa me makapagenroll. bukod sa wala pa kon twenti kyaw, tagal magasikaso ng mga needs jusko nu na",Neutral statement,Not bully
think abt his negative side,Neutral statement,Not bully
Rewriting my school notes shit,Neutral statement,Not bully
"Asar, shut up nalang plst <ed><U+00A0><U+00BD><ed><U+00B8><U+0094>",Neutral statement,Not bully
VOTE VOTE VOTE VOTE VOTE VOTE #Niall4MMVA,Neutral statement,Not bully
Nagising ang katawang lupa ko dahil kay DJ cha <ed><U+00A0><U+00BD><ed><U+00B8><U+0082><ed><U+00A0><U+00BD><ed><U+00B8><U+0082>,Neutral statement,Not bully
@jnnxortiz Para namang ang daming nagmamahal sayo <ed><U+00A0><U+00BD><ed><U+00B8><U+0082><ed><U+00A0><U+00BD><ed><U+00B8><U+0082> Djk HAHAHAHA,Neutral statement,Not bully
@RhijennShakee Anya met mare. Makapabwesit ka met! WAHAHAHAAH <ed><U+00A0><U+00BD><ed><U+00B8><U+0082>,Neutral statement,Not bully
@jopaylabyu bakit :'(,Neutral statement,Not bully
K :))))))),Neutral statement,Not bully
HAHAHAHAHAHAHA https://t.co/qWrY9cNq0F,Neutral statement,Not bully
"Metro closed, so it's home with all my luggage on the back of a three-wheel motor bike. Just don't tell my mum. https://t.co/qFU4Xmdwgd",Neutral statement,Not bully
No!!!! <ed><U+00A0><U+00BD><ed><U+00B8><U+00AD><ed><U+00A0><U+00BD><ed><U+00B8><U+00AD><ed><U+00A0><U+00BD><ed><U+00B8><U+00AD><ed><U+00A0><U+00BD><ed><U+00B8><U+0094><ed><U+00A0><U+00BD><ed><U+00B8><U+0094><ed><U+00A0><U+00BD><ed><U+00B8><U+0094> https://t.co/XIeccvOZ20,Neutral statement,Not bully
help 'cuz i can't sleep,Neutral statement,Not bully
"First day of work .. DONE .. thank you Lord for guiding me ..



I offer you everything oh Lord.? https://t.co/ghdoeSI2I4",Neutral statement,Not bully
Oo. <ed><U+00A0><U+00BD><ed><U+00B2><U+0095> https://t.co/PoEOyc1Dsb,Neutral statement,Not bully
@airaleighh air alam mo hindi talaga bagay satin <ed><U+00A0><U+00BD><ed><U+00B9><U+0082>,Neutral statement,Not bully
#HappyCheetahDay <ed><U+00A0><U+00BC><ed><U+00BE><U+0089><ed><U+00A0><U+00BC><ed><U+00BE><U+0089><ed><U+00A0><U+00BC><ed><U+00BE><U+0089> https://t.co/H4RA7clxkL,Neutral statement,Not bully
o wow i luv!!1!1!1!1!1!1!1!1!1!1!1!1!!1!!,Neutral statement,Not bully
think positive lang ahe,Neutral statement,Not bully
No To Martial Law daw so ano?,Neutral statement,Not bully
@FabKimK Nooooo! We need you <ed><U+00A0><U+00BD><ed><U+00B4><U+00A5><ed><U+00A0><U+00BD><ed><U+00B4><U+00A5><ed><U+00A0><U+00BD><ed><U+00B4><U+00A5>,Neutral statement,Not bully
#HappyBirthdayRicci just started trending with 10026 tweets. More trends at https://t.co/dRwxiUtCOV #trndnl,Neutral statement,Not bully
Deym puyat for the first time again<ed><U+00A0><U+00BD><ed><U+00B9><U+0082>,Neutral statement,Not bully
@jnnxortiz Blind ka lang. Blind sa pagmamahal ni... <ed><U+00A0><U+00BD><ed><U+00B8><U+00B7>,Neutral statement,Not bully
@HoyGwapo happy birthday ryann!! <ed><U+00A0><U+00BC><ed><U+00BE><U+0088>,Neutral statement,Not bully
"I'm at Starbucks Coffee - @starbucksph in Tagaytay City, Cavite https://t.co/O3rcbVt8Si",Neutral statement,Not bully
<ed><U+00A0><U+00BD><ed><U+00B8><U+0085>,Neutral statement,Not bully
Punyemas nakakatakot<ed><U+00A0><U+00BD><ed><U+00B8><U+00AB>,Neutral statement,Not bully
all this delay hunting and i just might end up with a dd-7.,Neutral statement,Not bully
@Raze_WP talga? Sana mapansin mo din mga ask ko <ed><U+00A0><U+00BD><ed><U+00B8><U+00AD> #AskKuyaKib,Neutral statement,Not bully
reading articles <ed><U+00A0><U+00BD><ed><U+00B1><U+00A9><ed><U+00A0><U+00BC><ed><U+00BF><U+00BB><U+200D><ed><U+00A0><U+00BD><ed><U+00B2><U+00BB>,Neutral statement,Not bully
HAHAHA IT LOOKS SO GOOD ON YOU! Proud! You're my favorite client so far! Hahahaha https://t.co/mSw9f7zECw,Neutral statement,Not bully
"<ed><U+00A0><U+00BD><ed><U+00B2><U+0094><U+2764><U+FE0F> Get well soon, Oppa <U+2764><U+FE0F> https://t.co/SR0FAORXj7",Neutral statement,Not bully
"idk, wtd <ed><U+00A0><U+00BD><ed><U+00B8><U+00A2>",Neutral statement,Not bully
Kuala Lumpur was the city of Malaysia with more Trends on Wednesday 24: https://t.co/2lPn4TSE5Y #trndnl,Neutral statement,Not bully
"In a world where everyone wears a mask, it's a privilege to see a soul. <ed><U+00A0><U+00BD><ed><U+00B8><U+008C>",Neutral statement,Not bully
"?Jesus said to him, 'I will come and heal him.'? ? Mt. 8:7 <ed><U+00A0><U+00BD><ed><U+00B8><U+008D> | Woah. Lord, bal'an ko madula lng mi trangkaso ko. Psh nano. May mission pa ta",Neutral statement,Not bully
Dia bilang dont let you dream be a dreams...bnyk btl dream..,Neutral statement,Not bully
cutan raba ko ni ian bei HAHAHAHA,Neutral statement,Not bully
"""Sana dumating sa point na mas mahal ko na yung sarili ko kesa sayo.""



<ed><U+00A0><U+00BD><ed><U+00B2><U+00AF><ed><U+00A0><U+00BD><ed><U+00B1><U+008C><ed><U+00A0><U+00BC><ed><U+00BF><U+00BB>",Neutral statement,Not bully
Thank you! <U+263A><ed><U+00A0><U+00BD><ed><U+00B8><U+0098><ed><U+00A0><U+00BD><ed><U+00B2><U+009A> https://t.co/0i9nXWMA62,Neutral statement,Not bully
Badly need <ed><U+00A0><U+00BC><ed><U+00BD><U+00B7><ed><U+00A0><U+00BC><ed><U+00BD><U+00B8><ed><U+00A0><U+00BC><ed><U+00BD><U+00B9><ed><U+00A0><U+00BE><ed><U+00B5><U+0082>,Neutral statement,Not bully
Shit!! Fuck sched bukas hanggang saturday <ed><U+00A0><U+00BD><ed><U+00B8><U+00AB>,Neutral statement,Not bully
ok lang ule ako https://t.co/Py7CkbjlWF,Neutral statement,Not bully
@senyoredto yung model syempre <ed><U+00A0><U+00BD><ed><U+00B8><U+0089>,Neutral statement,Not bully
5:30pm nap was not good. Wide awake until now.,Neutral statement,Not bully
buti pa si bestfriend nasa hongkong na nag babakasyon huhuhu eh kami? @sheilafestejo <ed><U+00A0><U+00BD><ed><U+00B8><U+00AD><ed><U+00A0><U+00BD><ed><U+00B8><U+00AD><ed><U+00A0><U+00BD><ed><U+00B8><U+00AD>,Neutral statement,Not bully
STAY SAFE EVERYONE <ed><U+00A0><U+00BD><ed><U+00B8><U+00A2><ed><U+00A0><U+00BD><ed><U+00B9><U+008F>#PrayForJakarta https://t.co/gNKS5HDosQ,Neutral statement,Not bully
Shout out to Mark. I know you be lurking on me and read this. I love you boo <ed><U+00A0><U+00BD><ed><U+00B8><U+0098><ed><U+00A0><U+00BD><ed><U+00B2><U+0095> https://t.co/T4a9kddUHg,Neutral statement,Not bully
Earlier with them :) #23rd #simple #candid #chill @ McDonald's Tagaytay Calamba Rd https://t.co/eF2S06AieH,Neutral statement,Not bully
@miiggssss love you,Neutral statement,Not bully
@ShaniaMSerrano HAHAHAH well pag mabuting puso talaga <ed><U+00A0><U+00BD><ed><U+00B2><U+0081><ed><U+00A0><U+00BC><ed><U+00BF><U+00BB>,Neutral statement,Not bully
im fucking dead https://t.co/XbDyBUyi4K,Neutral statement,Not bully
Best Song Ever <ed><U+00A0><U+00BC><ed><U+00BE><U+00B6><ed><U+00A0><U+00BD><ed><U+00B2><U+0095> https://t.co/J0mi7MRA7Q,Neutral statement,Not bully
Happy belated birthday Ruiwen and Zixin <ed><U+00A0><U+00BC><ed><U+00BE><U+0087><ed><U+00A0><U+00BC><ed><U+00BE><U+0089><ed><U+00A0><U+00BC><ed><U+00BE><U+008A>,Neutral statement,Not bully
"@TheTide follow me , im crying buffalo spicy wings",Neutral statement,Not bully
Happy birthdaaaay @RicciRivero06 <ed><U+00A0><U+00BD><ed><U+00B2><U+009A>#HappyBirthdayRicci https://t.co/kDqMGM5EZ9,Neutral statement,Not bully
Good night earthlings. Bukas naman ipagpatuloy ang pighati. char jk. Haha,Neutral statement,Not bully
"No chance we're gonna make it, but baby can we fake it, cause even though I know you're not the one, this has really been a lot of fun. <ed><U+00A0><U+00BC><ed><U+00BE><U+00A4><ed><U+00A0><U+00BC><ed><U+00BE><U+00B6>",Neutral statement,Not bully
My 3rd day back in the gym.... #work<ed><U+00A0><U+00BD><ed><U+00B2><U+00AA> #gohard @ Parañaque https://t.co/2HF4Lh0rOp,Neutral statement,Not bully
Tulog nako <ed><U+00A0><U+00BD><ed><U+00B8><U+00B4>,Neutral statement,Not bully
I'm at Paraiso Homes in Zamboanga City https://t.co/2KV9oDjnhU,Neutral statement,Not bully
"No, I don't deserve this nor anyone does. But you pulled the wrong trigger, fam.",Neutral statement,Not bully
Sure! <ed><U+00A0><U+00BD><ed><U+00B8><U+008A><ed><U+00A0><U+00BD><ed><U+00B8><U+008A><ed><U+00A0><U+00BD><ed><U+00B8><U+008A> https://t.co/IfNWbF16ik,Neutral statement,Not bully
isang ep muna ng Goblin bago matulog<ed><U+00A0><U+00BD><ed><U+00B8><U+008D>,Neutral statement,Not bully
Pray for MINDANAO<ed><U+00A0><U+00BD><ed><U+00B9><U+008F>,Neutral statement,Not bully
"#PrayForManchester 

#PrayForMarawi 

#PrayForBangkok

#PrayForDhaka 

#PrayForJakarta

#PrayForLanaoDelSur 6 places in just 2 days!!!!",Neutral statement,Not bully
Day well spent with SSG Fam <ed><U+00A0><U+00BD><ed><U+00B2><U+0095> https://t.co/uX5AsQzdcQ,Neutral statement,Not bully
#PrayForMarawi,Neutral statement,Not bully
over and over again<ed><U+00A0><U+00BC><ed><U+00BE><U+00B6>,Neutral statement,Not bully
@daleagudaaa nakaka walang tiwala db? hahahahaha,Neutral statement,Not bully
My life's greatest blessing! <ed><U+00A0><U+00BD><ed><U+00B8><U+0087><ed><U+00A0><U+00BD><ed><U+00B9><U+008C> Happy birthday Miko! <ed><U+00A0><U+00BD><ed><U+00B8><U+0098><ed><U+00A0><U+00BC><ed><U+00BE><U+0088><ed><U+00A0><U+00BC><ed><U+00BE><U+0082><ed><U+00A0><U+00BC><ed><U+00BE><U+0081> @ The Food? https://t.co/8sFWaWFB8e,Neutral statement,Not bully
Tinder HAHAHAHAHA https://t.co/ZAXBJkMk2b,Neutral statement,Not bully
Hays! Talagang nakakalungkot at nakakabahala ang nangyayari sa Marawi. #PrayforMarawi,Neutral statement,Not bully
<ed><U+00A0><U+00BD><ed><U+00B2><U+00AD><ed><U+00A0><U+00BD><ed><U+00B2><U+0094> https://t.co/Rq3pK9OthX,Neutral statement,Not bully
Gnight everyone keep safe and spread the love luv y'all,Neutral statement,Not bully
"a little braver, my @kimwoobinsg huhuhuhu I'm really pissed off when I heard the news about you. Get well soon! https://t.co/RPskmxph3f",Neutral statement,Not bully
HAPPY BIRTHDAY!!! labyu always <ed><U+00A0><U+00BD><ed><U+00B8><U+008D><ed><U+00A0><U+00BD><ed><U+00B8><U+0082><ed><U+00A0><U+00BD><ed><U+00B0><U+00B8> catch up soon <ed><U+00A0><U+00BD><ed><U+00B8><U+008A> @ikaeeel,Neutral statement,Not bully
Study first,Neutral statement,Not bully
Imissyoutoo <ed><U+00A0><U+00BD><ed><U+00B8><U+00AD>,Neutral statement,Not bully
Goodnight world <ed><U+00A0><U+00BC><ed><U+00BC><U+009A>,Neutral statement,Not bully
@reynielethan Hindi naman sa ganon hays. Let me explain chos,Neutral statement,Not bully
Wala talga ako rest <ed><U+00A0><U+00BD><ed><U+00B8><U+00A4>,Neutral statement,Not bully
The reason why i don't accept suitors haha https://t.co/TQNxqRKTBR,Neutral statement,Not bully
<ed><U+00A0><U+00BD><ed><U+00B8><U+008D> https://t.co/R9WrgJ2IvS,Neutral statement,Not bully
Too good to be true,Neutral statement,Not bully
medj hadlok mo laag karon kay dili safe<ed><U+00A0><U+00BD><ed><U+00B8><U+00BF> God please guide us<ed><U+00A0><U+00BD><ed><U+00B9><U+008F>,Neutral statement,Not bully
<ed><U+00A0><U+00BD><ed><U+00B8><U+008D><ed><U+00A0><U+00BD><ed><U+00B8><U+008D><ed><U+00A0><U+00BD><ed><U+00B8><U+008D><ed><U+00A0><U+00BD><ed><U+00B8><U+008D> https://t.co/ewVnLixJBV,Neutral statement,Not bully
Little Amsterdam in Ph. <ed><U+00A0><U+00BC><ed><U+00BC><U+00B8> #cebu2017 @ Sirao Garden Little Amsterdam https://t.co/4ruL8DYkiG,Neutral statement,Not bully
"Always seeking for clarity, but always afraid to know the answer. Decisions, decisions.",Neutral statement,Not bully
COMBINING ALCOHOL AND RIVERDALE IS NOT A GOOD IDEA!!!!,Neutral statement,Not bully
<ed><U+00A0><U+00BD><ed><U+00B8><U+00B1><ed><U+00A0><U+00BD><ed><U+00B8><U+00B1><ed><U+00A0><U+00BD><ed><U+00B8><U+00B1><ed><U+00A0><U+00BD><ed><U+00B8><U+008D><ed><U+00A0><U+00BD><ed><U+00B8><U+008D><ed><U+00A0><U+00BD><ed><U+00B8><U+008D> https://t.co/RO3SjXhdDA,Neutral statement,Not bully
HOY DANIEL'S IG POST,Neutral statement,Not bully
Yung mga nagsasabi na No to Martial law sana sila na lang pinadala don at makipagusap sa terrorista. <ed><U+00A0><U+00BD><ed><U+00B8><U+0092>,Neutral statement,Not bully
Hahaaaaay gugma pa more <ed><U+00A0><U+00BD><ed><U+00B2><U+0094>,Neutral statement,Not bully
Mas cute kapa kaysa sa future girlfriends ko. <ed><U+00A0><U+00BD><ed><U+00B8><U+008D><ed><U+00A0><U+00BD><ed><U+00B8><U+008D><ed><U+00A0><U+00BD><ed><U+00B8><U+008D><ed><U+00A0><U+00BD><ed><U+00B0><U+00A2><ed><U+00A0><U+00BD><ed><U+00B0><U+00A2><ed><U+00A0><U+00BD><ed><U+00B0><U+00A2> https://t.co/sTfmPm7Qbl,Neutral statement,Not bully
@penguins Lies. Hockey is stressful. And I'm always crying. Huhu. <ed><U+00A0><U+00BD><ed><U+00B8><U+00AD><ed><U+00A0><U+00BD><ed><U+00B8><U+00AD><ed><U+00A0><U+00BD><ed><U+00B8><U+0082><ed><U+00A0><U+00BD><ed><U+00B8><U+0082><ed><U+00A0><U+00BD><ed><U+00,Neutral statement,Not bully
Wala bang makati area dito mygod haga,Neutral statement,Not bully
"""Even through the joy I feel the pain

Even in the sun I feel the rain

Even when I'm high I feel the lows, like that's all I know."" #CheerUp",Neutral statement,Not bully
Late night thinking.,Neutral statement,Not bully
heard ur voice and i felt much better <ed><U+00A0><U+00BD><ed><U+00B2><U+0095> thankyyy,Neutral statement,Not bully
<ed><U+00A0><U+00BD><ed><U+00B2><U+0094><ed><U+00A0><U+00BD><ed><U+00B2><U+0094><ed><U+00A0><U+00BD><ed><U+00B2><U+0094> @ Starbucks Legazpi https://t.co/jyrhR00P32,Neutral statement,Not bully
MAH HEART <ed><U+00A0><U+00BD><ed><U+00B8><U+00AD><ed><U+00A0><U+00BD><ed><U+00B2><U+0099>,Neutral statement,Not bully
im falling through the doors of the emergency room,Neutral statement,Not bully
Lord payakap naman po. <ed><U+00A0><U+00BD><ed><U+00B8><U+00AD>,Neutral statement,Not bully
Highlight wa<ed><U+00A0><U+00BD><ed><U+00B2><U+00AF>,Neutral statement,Not bully
Goodnight bey<ed><U+00A0><U+00BD><ed><U+00B0><U+009D> @seannelcrz,Neutral statement,Not bully
Hindi qo padin maopen fb account qo<ed><U+00A0><U+00BD><ed><U+00B8><U+00B4>,Neutral statement,Not bully
Inlove na ako inlove na sayoo <ed><U+00A0><U+00BC><ed><U+00BE><U+00B6> @kimpoyfeliciano <U+2764>,Neutral statement,Not bully
"If you love her, build her up because she will be doing the same for you.Know that whatever effort you put in,she will be putting in double.",Neutral statement,Not bully
Tangina ang sakit.,Negative statement w/o bullying intentions,Not bully
tanginang neuro why have to be this demanding <ed><U+00A0><U+00BD><ed><U+00B8><U+00B3> <ed><U+00A0><U+00BD><ed><U+00B9><U+0084>,Negative statement w/o bullying intentions,Not bully
HOY TANGINA HAPPY 525 NGA!! #Happy5thKathNiel https://t.co/fbdatAVgQy,Negative statement w/o bullying intentions,Not bully
PUTANGINAKAYO WAG NYO KO HAHAWAKAN!!!! ISNT SHE LOVELY DA WPUTANGISNSNS COLORED PUTANGINA,Negative statement with bullying intentions,Bully
PUTANGINA MGA BAYOTNHUHUHU DANIEL PUTANGINA HUHU ISNT SHE LOVELY,Negative statement with bullying intentions,Bully
MATUTULOG NA SANA AKO TAS BIGLANG NAG NOTIFY HOY TANGINA NAWALA ANTOK KO,Negative statement w/o bullying intentions,Not bully
GAGO SABI NA EH HINDI AKO NAG EXPECT BIGLAMG NAGPOST KOYA MO DANIEL POTANGINAYOKO N paoatayin ako,Negative statement with bullying intentions,Bully
AYOKO NA AHUHUHUHU TANGINA HAPPY 525!!!! COLORED MUMSHIE. HUHUHUHU PAKSHET,Negative statement w/o bullying intentions,Not bully
Mga two days na akong iritable hahaha tangina magkakaron na ata ako...,Neutral statement,Not bully
@kimsings69 HAHAHAHAHAGA TANGINA? https://t.co/hTJPiOlFqS,Negative statement w/o bullying intentions,Not bully
patulog na sana ako pERO PUTANGINA BAT GANON YUNG IG POST NI DANIEL PUNYETA PANO AKO MAKAKATULOG!!!! <ed><U+00A0><U+00BD><ed><U+00B8><U+00AD><ed><U+00A0><U+00BD><ed><U+00B2><U+0099>,Negative statement w/o bullying intentions,Not bully
TANGINA GAGO GUSTO KO TUMILI BAKA MASAMPAL AKO KASLAANAN MO TOH DJ HUHUUHU GAGO KA,Negative statement w/o bullying intentions,Not bully
@AlmightyJumi YEAH TANGINA TALAGA,Negative statement w/o bullying intentions,Not bully
GOSH AYOKO NA COLORED ULIT TANGINA KA DJ PAAMOT SINGET,Negative statement w/o bullying intentions,Not bully
"yawaa ka, musabay pud kas weather ba tangina<ed><U+00A0><U+00BD><ed><U+00B9><U+0084><ed><U+00A0><U+00BD><ed><U+00B2><U+00A4>",Negative statement w/o bullying intentions,Not bully
Tangina ayoko na.,Negative statement w/o bullying intentions,Not bully
Tangina mo @enjoyGLOBE enjoy globe enjoy globe kapa tangina yung surfing mb ko 79mb na lang. MAY 24 NG UMAGA AKO NAGREGISTER!,Negative statement with bullying intentions,Bully
PUTANGINA https://t.co/3YVLQe3IS8,Negative statement w/o bullying intentions,Not bully
"Tangina tong dalawang to di pa mag balikan<ed><U+00A0><U+00BD><ed><U+00B8><U+0082> well, take time haha",Negative statement w/o bullying intentions,Not bully
"isnt she lonely? @me

isnt she trash? @me



tangina i will never be lovely eh <ed><U+00A0><U+00BD><ed><U+00B8><U+00A9>",Negative statement w/o bullying intentions,Not bully
Tangina hahahahaha<ed><U+00A0><U+00BD><ed><U+00B8><U+0082><ed><U+00A0><U+00BD><ed><U+00B8><U+0082><ed><U+00A0><U+00BD><ed><U+00B8><U+0082><ed><U+00A0><U+00BD><ed><U+00B8><U+0082> https://t.co/XqojmEEwWs,Negative statement w/o bullying intentions,Not bully
TANGINA??????? gwapo2 huhu https://t.co/6GIxM7oXFr,Negative statement w/o bullying intentions,Not bully
"luh tangina bigyan ng jacket hahaha gago di naman masakit konti lang huh? di ako umiiyak no, huh?? penge tissue https://t.co/GrkegkM4Xh",Negative statement w/o bullying intentions,Not bully
yung baller ko from him nasakin parin haha miss ko na nagbigay non putangina balik kana oh,Negative statement w/o bullying intentions,Not bully
Tangina initttg,Negative statement w/o bullying intentions,Not bully
tangina denise why are you like this,Negative statement w/o bullying intentions,Not bully
IF I CAN'T DANCE TT SA GRAD DAY TANGINA RING DING DONG NA THIS,Negative statement w/o bullying intentions,Not bully
tangina!! never!! ending!! lungkot!!!!!!!!,Negative statement w/o bullying intentions,Not bully
tangina nababadtrip na ko sa stat,Negative statement w/o bullying intentions,Not bully
Tanginang biyahe yan pauwi para akong nag papakamatay ah,Negative statement w/o bullying intentions,Not bully
Tangina nasstress din ako sa nbi na to,Negative statement w/o bullying intentions,Not bully
"""Chinito pero malaki kita"" tanginang 2 HAHHAHAHAHHAHA",Negative statement w/o bullying intentions,Not bully
Nasusuka na ako sa acads. Tangina di na naman ba ako matutulog?????,Negative statement w/o bullying intentions,Not bully
putangina ayoko na po lord,Negative statement w/o bullying intentions,Not bully
pota sobrang unsterile ni meredith sa or sa season finale. tangina,Negative statement w/o bullying intentions,Not bully
Tangina hahahaha saya saya lang sabay ganun hahaha,Negative statement w/o bullying intentions,Not bully
HOY TANGINAAAAAAA https://t.co/ooWHKusk0K,Negative statement with bullying intentions,Bully
Tangina tinatablan pa pala ko ng sakit,Negative statement w/o bullying intentions,Not bully
@margavarias @Ptrcbrclna Tanginang mag jowa nato e damay pa ko hays hahahaha,Negative statement w/o bullying intentions,Not bully
@margavarias Putangina ka din. HAhahaa <ed><U+00A0><U+00BD><ed><U+00B8><U+0082>,Negative statement w/o bullying intentions,Not bully
Paload nlng ko oy kusog pa akng 3G ani tangina,Negative statement w/o bullying intentions,Not bully
"Gano ba kahirap intindihin yung ""space"" tangina naman oh <ed><U+00A0><U+00BD><ed><U+00B8><U+008C>",Negative statement w/o bullying intentions,Not bully
"tangina naka data lang ako, wala pang thursday mageexpire na to sure ako :v",Negative statement w/o bullying intentions,Not bully
@1975muse @YouTube HAHAHAHAHAHAHAHAHA! PUTANGINA EHLGEE! #LanistersVSTargaryen <ed><U+00A0><U+00BD><ed><U+00B2><U+0093><ed><U+00A0><U+00BD><ed><U+00B8><U+008D><ed><U+00A0><U+00BD><ed><U+00B8><U+0082><ed><U+00A0><U+00BD><ed><U+00B8><U+00B1>,Negative statement w/o bullying intentions,Not bully
Tangina lasing na ko,Negative statement w/o bullying intentions,Not bully
@poliminaj TANGINA AKALA KO NUNG UNA NAKASALAKSAK SA CLOACA YUNG PILLS,Negative statement w/o bullying intentions,Not bully
SOME DAY s pUTANGINA IT'S BEEN SO LONG SINCE I LAST LISENEND TO THIS SONGJSDKJSN,Negative statement w/o bullying intentions,Not bully
Ok lang na mamiss kasama naman yon sa pag mmove on. Tangina dapat talaga strong ka,Negative statement w/o bullying intentions,Not bully
TANGINA GOT7 TRAILER GAGO,Negative statement w/o bullying intentions,Not bully
@marinongkalbo yung G na G ako tangina pero prank mo lang pala <ed><U+00A0><U+00BD><ed><U+00B8><U+009F><ed><U+00A0><U+00BD><ed><U+00B8><U+00A4> https://t.co/rdQe4ZpFo4,Negative statement with bullying intentions,Bully
Tangina!! Such true!!! Perf!! Accurate much!!! https://t.co/gNL2NrZeCB,Negative statement w/o bullying intentions,Not bully
Kahit putangina ang sakit talaga bes eh kung alam nyo lang gano kasakit puta talaga iba kase bes iba talaga hanep pero putangina life ......,Negative statement with bullying intentions,Bully
Tanginang bobo,Negative statement with bullying intentions,Bully
FEEL KO NABASA NI DJ COMMENT KO TANGINA MURA ATA CINOMMENT Q,Negative statement w/o bullying intentions,Not bully
NAKAKASELOS TANGINAAA! :(,Negative statement w/o bullying intentions,Not bully
Kahit mahal na mahal mo putangina sige lang mahalin mo lang hanggang sa hindi mo na mahal na mahal,Negative statement w/o bullying intentions,Not bully
SILA PA TALAGA BUMUNGAD SA NEWSFEED KO <ed><U+00A0><U+00BD><ed><U+00B8><U+008A> SWEET NYO TANGINA KAYO NA. KAYO NA TALAGAAAAAAAA :(,Negative statement w/o bullying intentions,Not bully
Bes acads muna tayo para sa future tangina di naman kame mayaman eto na lng kaya kong ipagmalaki eh,Negative statement with bullying intentions,Bully
Tangina bes i love myself <U+2764>,Negative statement w/o bullying intentions,Not bully
TANGINA SA JAKARTA NAMAN NGAYON ANUNA <ed><U+00A0><U+00BD><ed><U+00B8><U+00AD>,Negative statement w/o bullying intentions,Not bully
Tanginang fb yan puro tapos maligo di naman nagsisiligo pati wanted bf gf haha nako po kada scroll down haha nuod na lang movie!! -halfbaked,Negative statement w/o bullying intentions,Not bully
kung pwede lang umiyak sa harap mo putangina ka,Negative statement with bullying intentions,Bully
"sabihin mo kung ako ba, kung ako ba problema putangina <ed><U+00A0><U+00BD><ed><U+00B8><U+00AD>",Negative statement with bullying intentions,Bully
P*tangina nagising ako sa trailer ng Game of Thrones!!!! Huhu di ko mashare sa fb cozz.... hahaha,Negative statement w/o bullying intentions,Not bully
Akala mo napakabuti mong boyfriend hahaha putangina ano ba kasalanan ko sayo?,Negative statement with bullying intentions,Bully
tanginaaaa yung puso kooo <ed><U+00A0><U+00BD><ed><U+00B8><U+00AD><ed><U+00A0><U+00BD><ed><U+00B8><U+008D><ed><U+00A0><U+00BD><ed><U+00B2><U+0099><ed><U+00A0><U+00BD><ed><U+00B2><U+0099><ed><U+00A0><U+00BD><ed><U+00B2><U+0099><ed><U+00A0><U+00BD><ed><U+00B2><U+0099> https://t.co/7S4QVkalBu,Negative statement w/o bullying intentions,Not bully
Puta ka din magsama kayo ni Trillanes tangina nyo binibeastmode mo si acouh. https://t.co/m8Ba12CdtI,Negative statement with bullying intentions,Bully
Tanginaaa!!!! https://t.co/DnQdifOsRr,Negative statement w/o bullying intentions,Not bully
Tangina naman,Negative statement with bullying intentions,Bully
Walang gabi na hindi ako umiyak dahil sa mga kaputanginahan na ginagawa mo.,Negative statement with bullying intentions,Bully
@_Stephera @HeyMigsHere tangina mo,Negative statement with bullying intentions,Bully
Dalawang araw na kong di natutulog putangina ano ba ginagawa ko sa sarili ko?????,Negative statement w/o bullying intentions,Not bully
Natuwa lang ako sa tangina pewo di ako nag mumuwa,Negative statement w/o bullying intentions,Not bully
TAPUS NA SEM KO TANGINANG SEM TO DAMING GANAP!!!,Negative statement w/o bullying intentions,Not bully
Tangina di k ma-unsubscribe yung redeem points ko sa globe rewards! @enjoyGLOBE,Negative statement w/o bullying intentions,Not bully
"i get it, kim woo bin is xjjsmxndjd pero putangina hahahahaha gago ka ba???¿¿¿?¿¿? https://t.co/Me37Vhp4yp",Negative statement with bullying intentions,Bully
Sarap ibalibag ni Ueno tangina walang dulot,Negative statement with bullying intentions,Bully
Tangina talaga.,Negative statement with bullying intentions,Bully
Tangina ang gastos ko this week di ko na alam,Negative statement w/o bullying intentions,Not bully
Can't sleep ugh tangina eto na naman tayo,Negative statement w/o bullying intentions,Not bully
Hi ako nga pala si Daniel. Padilla naman sa pussy mo HAHAHHAHAHAHAH TANGINA I DO NOT OWN THIS CONTENT SO DONT BLAME ME PLS,Negative statement w/o bullying intentions,Not bully
Tangina uuwi ba ako? Haha,Negative statement w/o bullying intentions,Not bully
Supot yung mga ISIS na yan. Tangina! Sarap putulan ng etits isa-isa ng mga yan. Tangina!,Negative statement with bullying intentions,Bully
Tangina at tatlong beses pa sya nag DM <ed><U+00A0><U+00BD><ed><U+00B8><U+0092> at nag tweet pa. Sino ba nagamit nun kung hnd sya yun? <ed><U+00A0><U+00BE><ed><U+00B4><U+0094>,Negative statement w/o bullying intentions,Not bully
Tangina kailan ba ako uuwi ng bahay ng hindi nag uumaga <ed><U+00A0><U+00BD><ed><U+00B9><U+0084> (deep inside:<ed><U+00A0><U+00BD><ed><U+00B8><U+0082>),Negative statement w/o bullying intentions,Not bully
PUTANGINA LASING NA AKO. HELP,Negative statement w/o bullying intentions,Not bully
tangina ang sakit ng ulo ko,Negative statement w/o bullying intentions,Not bully
kaimbyerna ung ibang armys na kino-compare kung kani-kanino ang bts. kaya pumapangit image ng fandom naten eh tangina #BTS,Negative statement with bullying intentions,Bully
Tangina! Tipsy lang ako d ako lasing pero yong kAinuman ko tinutulugan ako. Hahahaha,Negative statement w/o bullying intentions,Not bully
Tanginaka coco HAHAHAHAHA,Negative statement w/o bullying intentions,Not bully
putangina bat straight yung graph na nakukuha ko jusko,Negative statement w/o bullying intentions,Not bully
Tangina pahamak ka!,Negative statement with bullying intentions,Bully
Maka tulog na nga lang tangina panira ng moment letche <ed><U+00A0><U+00BD><ed><U+00B8><U+0092>,Negative statement w/o bullying intentions,Not bully
Tangina neto ang kulit. Napipikon na ko ha,Negative statement with bullying intentions,Bully
Tangina natapos rin Tax 2!!!!!!!!!!!!!!!!,Negative statement w/o bullying intentions,Not bully
Mga putangina ng taon.,Negative statement with bullying intentions,Bully
PUTANGINA PANO KUMALMA??? https://t.co/jHC8R4eyQ2,Negative statement w/o bullying intentions,Not bully
TANGINA PAGOD NA PAGOD NA KO,Negative statement w/o bullying intentions,Not bully
Tangina 170 <ed><U+00A0><U+00BD><ed><U+00B8><U+0093>,Negative statement w/o bullying intentions,Not bully
GAGO SABI NA EH HINDI AKO NAG EXPECT BIGLAMG NAGPOST KOYA MO DANIEL POTANGINAYOKO N paoatayin ako,Negative statement with bullying intentions,Bully
UY GAGO BAKIT KA GANYAN HUHUHUHUHU https://t.co/okEE8ExhP7,Negative statement w/o bullying intentions,Not bully
GAGO WAG KANG NANGGUGULAT JUHUHUHUHHU MY HEART https://t.co/u0GY3LmWkC,Negative statement w/o bullying intentions,Not bully
gago lagot ako HAHAHAHAHAHAHAHA shet,Negative statement w/o bullying intentions,Not bully
Ang gago naman. Wala na. Tinamad na ko panoorin.,Negative statement w/o bullying intentions,Not bully
GAGO IM SO STOKED FOR GOTS7 TONG GOT TWITTER HILIG MAGLABAS KAPAG 12MN DITO SA PH,Negative statement w/o bullying intentions,Not bully
"Lagi na,an tayong ginagago ng morse type e",Negative statement w/o bullying intentions,Not bully
Lagi naman tayong ginagago ng morse type e,Negative statement w/o bullying intentions,Not bully
meron pa si mae gago vice yon https://t.co/YQQkmUwd0Y,Negative statement with bullying intentions,Bully
"""Kung mabungkag mani, ok ra, naa bitaw koy ani para maadtuan if ever mabungka man ta"" Sige judddd hahahahahahahha utro sad ka gago ka",Negative statement with bullying intentions,Bully
@easykiiel gago to.,Negative statement with bullying intentions,Bully
"You did not earn your place, it was given to you ot of mercy because we all know mugawas imong gago nga batasan if it wasn't given to youz",Negative statement w/o bullying intentions,Not bully
Gago ayaw ko na non.,Negative statement w/o bullying intentions,Not bully
Gago ang dami kong gustong sabihin sayo. Kaso wag na lang hahahahahahahahaha some things are better left unsaid,Negative statement w/o bullying intentions,Not bully
TANGINA GOT7 TRAILER GAGO,Negative statement w/o bullying intentions,Not bully
GAGOFNFKNFKDMFNKDKD https://t.co/FxUIzUQz9E,Negative statement with bullying intentions,Bully
gago wild asf https://t.co/629XA0eQcn,Negative statement with bullying intentions,Bully
Didto naka sa grupo nimo nga sipsip kaayo ka oy! Hahaha panglibre pa more hahaha gago ka hugaw kaayo ka,Negative statement w/o bullying intentions,Not bully
Klaro man ana lang ka pag naa kay gusto i-impress. Oh come on? Don't me! Hahahahahaha gago ka,Negative statement with bullying intentions,Bully
Nakakagago lang. <ed><U+00A0><U+00BD><ed><U+00B9><U+0083>,Negative statement w/o bullying intentions,Not bully
NP: Aral Na Gago May Finals Ka Pa Bukas - @LaLaLance24 The Rapper ft eJay Z,Negative statement w/o bullying intentions,Not bully
May swimming kami ng 8-5 kaso nag text si shalala may exam daw ng 9-2 abay gago pala to eh. 9-10 ko lang tatapusin yan bala ka,Negative statement w/o bullying intentions,Not bully
GAGO INAMIN KO SA MGA KAINUMAN KO NA DI AKO STRAIGHT. HAHAAHHAAH POTA,Negative statement w/o bullying intentions,Not bully
DAMN THAT #GoTS7 TRAILER GAGO I AM SHOOOOOKTTTTTT,Negative statement w/o bullying intentions,Not bully
Parang gago talaga to si barcelona. Nag send ng picture ng manika bablock ko na to eh. HAHAHAHAHAHHAHAHAHAHA,Negative statement w/o bullying intentions,Not bully
"i get it, kim woo bin is xjjsmxndjd pero putangina hahahahaha gago ka ba???¿¿¿?¿¿? https://t.co/Me37Vhp4yp",Negative statement w/o bullying intentions,Not bully
Bsg gago? <ed><U+00A0><U+00BD><ed><U+00B8><U+0091>,Negative statement w/o bullying intentions,Not bully
"*unknown number calling*

Me: hello? Sino to?

Him:...

M: hello?

H: pwedeng magpakilala?

Me: bading to gago

Toot toot

Bastos.

Hahahaha",Negative statement w/o bullying intentions,Not bully
Hahahaha gago! <ed><U+00A0><U+00BD><ed><U+00B8><U+0082><ed><U+00A0><U+00BD><ed><U+00B8><U+0082><ed><U+00A0><U+00BD><ed><U+00B8><U+0082><ed><U+00A0><U+00BD><ed><U+00B8><U+0082><ed><U+00A0><U+00BD><ed><U+00B8><U+0082> https://t.co/tFnMgfGq3E,Negative statement w/o bullying intentions,Not bully
"TAS KALA MO BANAL TALAGA SI GAGO. MAGMUMURA KA SA HARAP NG KAIBIGAN KO, PARA ANO? PARA COOL KA TIGNAN? GAGO MUKHA KANG PERA!",Negative statement with bullying intentions,Bully
"MUKHANG GAGO, TANGA, MUKHA KANG PERA!",Negative statement with bullying intentions,Bully
"*teasing my bro, showing his ex's pics*

Him: Sus, gusto mo lang yan mahalin eh. 

GAGO! HAHAHAHAHAHA",Negative statement w/o bullying intentions,Not bully
"i cry for you every night

joke lang gago",Negative statement w/o bullying intentions,Not bully
Grabe pang gagago nyo sakin nuon mga hayup kayo,Negative statement with bullying intentions,Bully
gagong jr tinotoo yung atake sa'kin<ed><U+00A0><U+00BD><ed><U+00B8><U+0082> nasuntok ko tuloy<ed><U+00A0><U+00BE><ed><U+00B4><U+009B><ed><U+00A0><U+00BC><ed><U+00BF><U+00BC><ed><U+00A0><U+00BE><ed><U+00B4><U+009C><ed><U+00A0><U+00BC><ed><U+00BF><U+00BC>,Negative statement with bullying intentions,Bully
"I deleted each and every of our photo



coz gago ka. i need peace",Negative statement with bullying intentions,Bully
Kasi naman nalimutan nilang i-announce yung award ko na Summa Cum Gago. Hindi tuloy ako nakaakyat ng stage! <ed><U+00A0><U+00BD><ed><U+00B8><U+00A1><ed><U+00A0><U+00BD><ed><U+00B8><U+0082>,Negative statement w/o bullying intentions,Not bully
u'll say sinisiraan kita. eh gago ka pala e. dinidescribe ko lang kung ano ginawa mo,Negative statement with bullying intentions,Bully
may pagka gago din ng slight si marie <ed><U+00A0><U+00BD><ed><U+00B8><U+0082>,Negative statement with bullying intentions,Bully
parang gago yung panaginip ko. pinagloloko ako e.,Negative statement w/o bullying intentions,Not bully
@lcrintantan @imjmokay GAGO,Negative statement with bullying intentions,Bully
@Ching9184 gago vball player daw oy hahahahhahaha,Negative statement w/o bullying intentions,Not bully
sana dalawa puso ko para pag nabreak yung isa yung isa naman <ed><U+00A0><U+00BD><ed><U+00B8><U+0082><ed><U+00A0><U+00BD><ed><U+00B8><U+0082> gago nabasa ko lang,Negative statement w/o bullying intentions,Not bully
gago ginising ako nung ulan. sabi ko noon time not 4hrs later,Negative statement w/o bullying intentions,Not bully
Ayos lang sayo yan ng magtanda ka naman. Yung mas malala pa sana para matigil kana sa pang gago mo sa kapwa mo!,Negative statement with bullying intentions,Bully
TANGINA NYO PONG LAHAT. MGA GAGO KAYO. MGA WALANG MODO. https://t.co/5XJgJaZxAS,Negative statement with bullying intentions,Bully
Gago gago mani sya,Negative statement with bullying intentions,Bully
Gago naman ni sya,Negative statement with bullying intentions,Bully
Gago ka nga talaga <ed><U+00A0><U+00BD><ed><U+00B6><U+0095>,Negative statement with bullying intentions,Bully
"""Naghikog kag ceres lights ana imng dp?"" Gago jud <U+2639><U+FE0F>",Neutral statement,Not bully
Ay daw sa gago!!! Kadto di bala sa rxs gi! https://t.co/zj2wSkUQCz,Negative statement with bullying intentions,Bully
Ang gago ng season finale ng Arrow........,Negative statement w/o bullying intentions,Not bully
@jhomyah @LORENZO8D HAAHAHAHAHAHAHAHAHAAHHAHAHAHA GAGO,Negative statement w/o bullying intentions,Not bully
@MamshieRedge mamatay na sana yang kim wo boo ma mo gago sa sobrang pag ka fan mo natatanga ka na bobo mamatay na sana yan sama ka na din<ed><U+00A0><U+00BC><ed><U+00BC><U+00B5>,Negative statement with bullying intentions,Bully
Hindi na ko babalik ng pinas hahahahah! Mag ttnt na lang ako. Nakakagago mga tao dito https://t.co/1kLjtcpcMn,Negative statement w/o bullying intentions,Not bully
Gago ang sweet ko,Negative statement w/o bullying intentions,Not bully
@MXErudicion gago high blood momshie mo bessy,Negative statement with bullying intentions,Bully
"Martial Law ba ka mo? Ayan oh! Ngawa kayo ng ngawa, sana kayo na lang nahostage at napugotang ulo mga gago kayo. CT? https://t.co/9hcVM05wa5",Negative statement with bullying intentions,Bully
@LugayOfficial Gago! Asan ka??,Negative statement w/o bullying intentions,Not bully
"Ginagago kana, tuwang tuwa kapa.",Negative statement w/o bullying intentions,Not bully
gagong bata to pinakelaman acct q <ed><U+00A0><U+00BD><ed><U+00B8><U+0082>,Negative statement with bullying intentions,Bully
hahaha ang dami kong gustong plot ng novel tapos ako yung kinikilig sa sinusulat ko gago lang?,Negative statement w/o bullying intentions,Not bully
"Paano mag mahal ng hindi nasasaktan?."" 

Wag kang mag mahal gago",Negative statement w/o bullying intentions,Not bully
Why is he threatening us? Gago ba sya? https://t.co/UGDrY4SFbp,Negative statement with bullying intentions,Bully
kagago amputa,Negative statement with bullying intentions,Bully
mag post2 kag something stupid tapos pag na bash ka idelete nimo?? panindigan mo yan gago hugas kamay masyado ulol lang,Negative statement with bullying intentions,Bully
@PanchoWasHere Hindi. Pero mukha akong gago alwaysss. Ya feel meh,Negative statement w/o bullying intentions,Not bully
@drckchrls @kayeeeevalle gago bawal samin,Negative statement with bullying intentions,Bully
"""Bai joke lang na <ed><U+00A0><U+00BD><ed><U+00B8><U+0082><ed><U+00A0><U+00BD><ed><U+00B8><U+0082>"" 



Gago??? maliban sa mukha mo, ano pang joke mo????? <ed><U+00A0><U+00BD><ed><U+00B9><U+0084>",Negative statement with bullying intentions,Bully
Gago badtrip nga yon pwedeng pwede na yon sampalin e,Negative statement w/o bullying intentions,Not bully
@denboyyy @jakedelda @denapelsss @restang06 @notlarasudario Hahahaha gago,Negative statement w/o bullying intentions,Not bully
Tangina feeling ko dito nagsimulang ma-fall si Belle. Hahaha gago https://t.co/PTPjNdRdkL,Negative statement w/o bullying intentions,Not bully
Tangina feeling ko dito nagsimulang ma-fall si Belle. Hahaha gago orgasm siya ih https://t.co/mYx5zZA7J4,Negative statement w/o bullying intentions,Not bully
yawaa sa gago oy sala nimo ngano naka gawas ang iro unya kami pasanginlan!? tangama,Negative statement w/o bullying intentions,Not bully
WAHHAAHHAHA GAGO https://t.co/YZciZnCJiS,Negative statement w/o bullying intentions,Not bully
"Alpha x Omega<ed><U+00A0><U+00BD><ed><U+00B8><U+008A><U+2764>

Tadaima, Okaeri...

Love it! Manga...

#omegaverse #mangago",Neutral statement,Not bully
akala niya nakakatawa. mukha siyang gago ahahahahaha,Negative statement with bullying intentions,Bully
Gago ang pogi ni L <ed><U+00A0><U+00BD><ed><U+00B8><U+00AD><ed><U+00A0><U+00BD><ed><U+00B2><U+0093>,Neutral statement,Not bully
Gago uminom pala <ed><U+00A0><U+00BD><ed><U+00B8><U+0082><ed><U+00A0><U+00BD><ed><U+00B8><U+0082><ed><U+00A0><U+00BD><ed><U+00B8><U+0082>,Negative statement with bullying intentions,Bully
gago gusto ko mahpunta bukas kaso natatakot ako!!?!!,Negative statement w/o bullying intentions,Not bully
Gago talaga si Vice hahahahaha,Negative statement w/o bullying intentions,Not bully
"Kung sino pa yung seryoso, sya pa yung madalas nagagago.",Negative statement w/o bullying intentions,Not bully
Gago hahahaha https://t.co/G8qvsw1QpO,Negative statement w/o bullying intentions,Not bully
Hindi ko pag gagoha kay gago na nga daad ko <U+263A><U+FE0F> dont me,Negative statement with bullying intentions,Bully
Hindi ko pag gagoha kay gago na nga daad ko <U+263A><U+FE0F> dont me po <ed><U+00A0><U+00BD><ed><U+00B8><U+0082>,Negative statement with bullying intentions,Bully
@2ez4rchiezyy Gago kaya nga wala magawa eh <ed><U+00A0><U+00BD><ed><U+00B8><U+0082><ed><U+00A0><U+00BD><ed><U+00B8><U+0082><ed><U+00A0><U+00BD><ed><U+00B8><U+0082>,Negative statement with bullying intentions,Bully
"@yannenatividad galing, yung maganda lang talaga siya. Wait gago, may stolen ako sayo damiiii hehe",Neutral statement,Not bully
Gago ka na dean pila ray pg sign wala ray 10 seconds pabalik balikon jd nmo ang tao? Letse ka.,Negative statement with bullying intentions,Bully
Ang gago talaga neto ni berna eh. Naiiyak na ko. <ed><U+00A0><U+00BD><ed><U+00B8><U+00AD><ed><U+00A0><U+00BD><ed><U+00B8><U+00AD><ed><U+00A0><U+00BD><ed><U+00B8><U+00AD>,Negative statement w/o bullying intentions,Not bully
@krisberry23 Gago di ko bet yung katabi ko. May isang guy pa sa kabilang table nagcheecheers sakin kaso hilo na ko? https://t.co/NOINsAGTU2,Negative statement with bullying intentions,Bully
gago magsasama na si Kit at Rose. Kasal na sunod niyan. Huhuhu <U+2764><U+2764><U+2764><U+2764>,Negative statement w/o bullying intentions,Not bully
parang gago hahahahaha lol,Negative statement w/o bullying intentions,Not bully
Gago gusto ko kunin lalamunan ni kz tandingan HAHAHAAHAH,Negative statement w/o bullying intentions,Not bully
@MamshieRedge gago isang bala ka lang,Negative statement with bullying intentions,Bully
Parang gago lang yung sasabihin sayo na mahal ka nya pero hindi naman kayang panindigan.,Negative statement w/o bullying intentions,Not bully
wag mo nalang ako kausapin gago wala ako sa mood,Negative statement with bullying intentions,Bully
parang gago lang <ed><U+00A0><U+00BD><ed><U+00B8><U+0082>,Negative statement with bullying intentions,Bully
Tanqinang kausap yon paka gago eh,Negative statement with bullying intentions,Bully
May namamato sa bahay mga tarantado,Negative statement with bullying intentions,Bully
"Yunno, tarantado ka ba. Matulog ka na.",Negative statement with bullying intentions,Bully
"@MaramingPancit Mas mabuti pang lantarang tarantado 'yung tao kaysa nagpapanggap na mga madre at pari, e. Maria Cla? https://t.co/h5uaupG4gy",Negative statement with bullying intentions,Bully
Gusto mo lang mapansin. Tarantado.,Negative statement with bullying intentions,Bully
Tarantado https://t.co/lzYv9prcUz,Negative statement with bullying intentions,Bully
"Me: ano ulam?

Lolo: aba ayan lagi bungad mo pagkauwi ka ah

Me: osige, ilang gatang ung kanin?

Lolo: tarantado ka talagang bata ka 



<ed><U+00A0><U+00BD><ed><U+00B8><U+0095><ed><U+00A0><U+00BD><ed><U+00B8><U+0082><ed><U+00A0><U+00BD><ed><U+00B8><U+0082><ed><U+00A0><U+00BD><ed><U+00B8><U+0082>",Negative statement with bullying intentions,Bully
ReachYourGoal MIHO,Neutral statement,Not bully
Charrrr <ed><U+00A0><U+00BD><ed><U+00B8><U+0082>,Neutral statement,Not bully
https://t.co/PHdX1GvoA7,Neutral statement,Not bully
Malibiy nga ang El Nido,Neutral statement,Not bully
Pabebe,Negative statement w/o bullying intentions,Not bully
ANO NA NANGYAYARE SA MUNDO?PURO NA GERA,Negative statement w/o bullying intentions,Not bully
Babe time 'cos summer class no more. Na miss ko to #Disipulo <ed><U+00A0><U+00BD><ed><U+00B1><U+00AB><ed><U+00A0><U+00BD><ed><U+00B1><U+00AD><ed><U+00A0><U+00BD><ed><U+00B8><U+00B9><ed><U+00A0><U+00BD><ed><U+00B2><U+009C><ed><U+00A0><U+00BD><ed><U+00B2><U+009B><ed><U+00A0><U+00BD><ed><U+00B2><U+009A><ed><U+00A0><U+00BD><ed><U+00B2><U+0099> @ Starbucks Philippines https://t.co/PXRN724LvD,Neutral statement,Not bully
"dream on, whale https://t.co/v4qUlh7NNG",Neutral statement,Not bully
Magbuot diay ka KJ jud baa <ed><U+00A0><U+00BD><ed><U+00B8><U+0092>,Neutral statement,Not bully
"KISSMARC ForASAPCanada



'Enough, enough,' and die. That thing you speak of,",Neutral statement,Not bully
Grabe yung ngiti niya kanina. Nakakagaan ng loob <ed><U+00A0><U+00BD><ed><U+00B8><U+008D>,Neutral statement,Not bully
Play with my hair instead of my feelings.,Neutral statement,Not bully
I'm at Adoration Chapel https://t.co/CO5ArGHNXn,Neutral statement,Not bully
im gonna deactivate on nestival i can't take this SHIT i'm just gonna cry,Neutral statement,Not bully
Kare-kare burrito is lifest,Neutral statement,Not bully
na miss ka na nga ayaw mo pa hahahays iba rin hahahaha,Neutral statement,Not bully
<ed><U+00A0><U+00BD><ed><U+00B8><U+008D><ed><U+00A0><U+00BD><ed><U+00B8><U+008D> https://t.co/hPMPHywsEX,Neutral statement,Not bully
I'm at Mr. Sam Gyup Sal https://t.co/xykHXoCV0n,Neutral statement,Not bully
Wow @hellobangsie https://t.co/RN1PXf3FBo,Neutral statement,Not bully
Init nanaman tengne nemen,Negative statement w/o bullying intentions,Not bully
<ed><U+00A0><U+00BD><ed><U+00B8><U+00BB><ed><U+00A0><U+00BD><ed><U+00B8><U+00BB><ed><U+00A0><U+00BD><ed><U+00B8><U+00BB> https://t.co/vAVq50bR66,Neutral statement,Not bully
Melon <ed><U+00A0><U+00BD><ed><U+00B8><U+0082>,Negative statement with bullying intentions,Bully
Nagkalat yung mga super magagaling sa volleyball after Rebisco-Hisamitsu match. <ed><U+00A0><U+00BD><ed><U+00B9><U+0082>,Neutral statement,Not bully
Home! (@ My Crib @ Makati City) https://t.co/I05qf0SsNS,Neutral statement,Not bully
"magandang gabi sailors



SanaMAYulit MuliMARVOREE",Neutral statement,Not bully
"After all these time, i'm still into you.~",Neutral statement,Not bully
#DTBYFarewell happy weeksary again malapit na mag100 thank you Lord,Neutral statement,Not bully
"I'm at Wells Fargo Centre in Taguig, Philippines https://t.co/Egzfwhzi1P",Neutral statement,Not bully
"One of the happiest moments in your life is when you find the courage to accept what you can?t change.

#ALDUB97thWeeksary

#DTBYFarewell",Neutral statement,Not bully
Pag naghihiling ako sa sky nahihiling ko si duwang ilaw kang Kaogma tapos garo tig aapod ako!,Neutral statement,Not bully
"How was your life so far? 

Me doing great.",Neutral statement,Not bully
Wala talaga ko sa mood ngayon. <ed><U+00A0><U+00BD><ed><U+00B8><U+0090>,Negative statement w/o bullying intentions,Not bully
#DELETE<ed><U+00A0><U+00BD><ed><U+00B8><U+00AC><ed><U+00A0><U+00BD><ed><U+00B8><U+00AC><ed><U+00A0><U+00BD><ed><U+00B8><U+00AC><ed><U+00A0><U+00BE><ed><U+00B4><U+0095>,Neutral statement,Not bully
Robinsons Galleria trippin #altercebu,Neutral statement,Not bully
Cagbalete nanaman sa Saturday<ed><U+00A0><U+00BC><ed><U+00BF><U+009D>,Neutral statement,Not bully
repulsion &amp; attraction,Neutral statement,Not bully
Deleting all. Including social media,Neutral statement,Not bully
Malapit na kami itakwil ng buong ReSA <ed><U+00A0><U+00BD><ed><U+00B8><U+0082> Nakakahiya kami <ed><U+00A0><U+00BD><ed><U+00B8><U+0082><ed><U+00A0><U+00BD><ed><U+00B8><U+0082><ed><U+00A0><U+00BD><ed><U+00B8><U+0082>,Negative statement w/o bullying intentions,Not bully
When my cousin just saw what I did to her phone Yesterday smh <ed><U+00A0><U+00BD><ed><U+00B9><U+0084> @joannacalleja https://t.co/q5wYk8TO0p,Neutral statement,Not bully
bolbi from jimmy neutron,Neutral statement,Not bully
Wish Mom is here <ed><U+00A0><U+00BD><ed><U+00B8><U+00AD>,Neutral statement,Not bully
Lagi nalang ganito. Nakakasawa na nakakatamad ung life.<ed><U+00A0><U+00BD><ed><U+00B8><U+00A5><ed><U+00A0><U+00BD><ed><U+00B8><U+00A2>,Neutral statement,Not bully
Exercise pa more. @ Pueblo Golf Estates https://t.co/LnDduQKN2S,Neutral statement,Not bully
"nanaginip ako kanina, nakalimutan ko daw sya sa mall hahahahahahha!!! <ed><U+00A0><U+00BD><ed><U+00B8><U+0082>",Neutral statement,Not bully
@TalkNText @ElisseDefenders Thankyouuuu TNT dahil napili niyo ako .,Neutral statement,Not bully
@kenramosc @heyitsed_ balita lang di tunay,Neutral statement,Not bully
<U+6CA1><U+4EC0><U+4E48><U+5FC3><U+60C5><U+4E0A><U+73ED> https://t.co/L51Ka084ro,Neutral statement,Not bully
the balance of power becomes dangerously tilted towards the dominance of the latter. This erodes the system of checks and balances entirely.,Negative statement w/o bullying intentions,Not bully
Who has nudes?,Neutral statement,Not bully
YAYYYYYYYYYYYYYY !!!1!1!! https://t.co/Vcj62y5VpR,Neutral statement,Not bully
Ang neggy ko na lalo. Tsk,Negative statement w/o bullying intentions,Not bully
Fight for my way <ed><U+00A0><U+00BD><ed><U+00B8><U+008D><ed><U+00A0><U+00BD><ed><U+00B8><U+008D><ed><U+00A0><U+00BD><ed><U+00B8><U+008D>,Neutral statement,Not bully
@ellejls_ @rasibelle Oo napaka niyooo iniwan niyo ko <ed><U+00A0><U+00BD><ed><U+00B8><U+00AD>,Negative statement w/o bullying intentions,Not bully
Payat na lagi ko <ed><U+00A0><U+00BD><ed><U+00B8><U+008A> anorexic na lagi ko tanawun <ed><U+00A0><U+00BD><ed><U+00B8><U+008A> di na lagi ko sexy <ed><U+00A0><U+00BD><ed><U+00B8><U+008A> gamay ug totoy <ed><U+00A0><U+00BD><ed><U+00B8><U+008A> gamay ug lobot <ed><U+00A0><U+00BD><ed><U+00B8><U+008A> stick <ed><U+00A0><U+00BD><ed><U+00B8><U+008A> lagi di na lagi ko sexy <ed><U+00A0><U+00BD><ed><U+00B8><U+008A>,Neutral statement,Not bully
"Helloooooo

#FlightToLoveGASWIS",Neutral statement,Not bully
Andaming lugar kung san pwede umihi aso namin dun pa kung san nag chacharge phone ko. Boset!! <ed><U+00A0><U+00BD><ed><U+00B8><U+00A4>,Negative statement w/o bullying intentions,Not bully
Konting mali lang ipapahiya niyo hays,Negative statement w/o bullying intentions,Not bully
pers tym coe po sa hauz nio https://t.co/GFJ38sxUoC,Neutral statement,Not bully
i feel like im outta my mind <ed><U+00A0><U+00BE><ed><U+00B4><U+00A6><U+200D><U+2640><U+FE0F>,Neutral statement,Not bully
"ikaaaaw ang panaginip, palaging nasa isipppp



gustong gusto talaga 'tong ost na 'tooo so much feeeels",Neutral statement,Not bully
University of the Philippines is one of my dream school. <U+2764> @ University of the Philippines https://t.co/Xew4iNWHdA,Neutral statement,Not bully
both happy but it ended that i'm happy and you're not.,Neutral statement,Not bully
"Night enrollment is real <ed><U+00A0><U+00BD><ed><U+00B8><U+00B4><ed><U+00A0><U+00BD><ed><U+00B8><U+00B4> (@ National University - @nationaluphil in Manila, Metro Manila) https://t.co/cbOHAL3TXq",Neutral statement,Not bully
Night time job <ed><U+00A0><U+00BD><ed><U+00B1><U+008C><ed><U+00A0><U+00BC><ed><U+00BF><U+00BB>,Neutral statement,Not bully
There's nothing wrong with the martial law . Better to understand what its all about .,Neutral statement,Not bully
"KISSMARC ForASAPCanada



'Fair sir, you spit on me on Wednesday last,",Neutral statement,Not bully
Oh MayNer fans anu mssbi nyo dto?! Por d lab prin?! Asan n kau?! Di pgttanggol c Maymay?! Hanuna?!<ed><U+00A0><U+00BD><ed><U+00B1><U+008F><ed><U+00A0><U+00BC><ed><U+00BF><U+00BB><ed><U+00A0><U+00BD><ed><U+00B1><U+008F><ed><U+00A0><U+00BC><ed><U+00BF><U+00BB> https://t.co/OeuBaHMjAO,Neutral statement,Not bully
slay<ed><U+00A0><U+00BD><ed><U+00B2><U+00AF><ed><U+00A0><U+00BD><ed><U+00B4><U+00A5> https://t.co/Up2lyOfU9k,Neutral statement,Not bully
I can't believe,Neutral statement,Not bully
Ang hirap mag desisyon,Neutral statement,Not bully
Finally watching Moana <ed><U+00A0><U+00BD><ed><U+00B8><U+0082> I'm so late hahaha,Neutral statement,Not bully
Kabaliwans with sissy<ed><U+00A0><U+00BD><ed><U+00B8><U+0082><ed><U+00A0><U+00BD><ed><U+00B2><U+0093> https://t.co/8xPFpnv9ag,Neutral statement,Not bully
"""Striktong Parental Advisory"" -alem <ed><U+00A0><U+00BD><ed><U+00B8><U+0082>",Neutral statement,Not bully
"One of the boys<ed><U+00A0><U+00BD><ed><U+00B8><U+0082>

.

.

.

#gradesix #dahlia #reunion #summer #swimming @ Hacienda Antonio https://t.co/IgIpyI7k4L",Neutral statement,Not bully
Behave si kiara,Neutral statement,Not bully
Kapoya lagi naay manghod na sipat oy<ed><U+00A0><U+00BE><ed><U+00B4><U+00A4>,Neutral statement,Not bully
Wala kang magagawa kundi alagaan sarili mo <ed><U+00A0><U+00BD><ed><U+00B8><U+00AD>,Neutral statement,Not bully
"The best way to cheer yourself up is to try to cheer someone else up.

#ALDUB97thWeeksary

#DTBYFarewell",Neutral statement,Not bully
So un ata ung pinakamasakit na nasabi sakin!,Negative statement w/o bullying intentions,Not bully
gawa gawa kayo kwento ._.,Negative statement with bullying intentions,Bully
"Birds singing in a sycamore tree,

dream a little dream of me ?",Neutral statement,Not bully
Halaa ang cute ng squirrel HAHAHAHHAHAHAH <U+2665>,Neutral statement,Not bully
pag kasama ko si jordan nagiging cheat day ko haysssss,Neutral statement,Not bully
"I forgot the name of this piece. <ed><U+00A0><U+00BD><ed><U+00B8><U+0081> But, it's one I always look at. @? https://t.co/K2Mz0X6RCW",Neutral statement,Not bully
@covetousjurist I'm stuck at home fak,Negative statement w/o bullying intentions,Not bully
"@Sheendyrella Ganyan talaga ang buhay miss, walang permanent hahahaha",Neutral statement,Not bully
muka macam karipap pun harini ada org mengurat!? Kiranya nda aku mengarati ia bakurapak brunei ih <ed><U+00A0><U+00BD><ed><U+00B8><U+0082>,Neutral statement,Not bully
"Thanks Ma, hahah sa pag sundo :) at sa fries <ed><U+00A0><U+00BD><ed><U+00B8><U+008D>",Neutral statement,Not bully
Lintik na pag ibig,Negative statement w/o bullying intentions,Not bully
#acityunited https://t.co/GvX7VRTcES,Neutral statement,Not bully
Merry christmas panget<ed><U+00A0><U+00BC><ed><U+00BE><U+0084> ganto yung pag-asa mong tumangkad oh:<ed><U+00A0><U+00BD><ed><U+00B1><U+008C> HAHAHAHAH stay kulot @mscaidieee https://t.co/1v97YhufJH,Neutral statement,Not bully
Before duty <ed><U+00A0><U+00BD><ed><U+00B2><U+0095>// @ Burger King Connecticut Greenhills https://t.co/imXd4mXQ0G,Neutral statement,Not bully
"nganung kung kinsa pa tung taong makapalipay saimog maayo, sila pd tung tao na posibleng makasakit saimo'g taman taman? <U+2639><U+FE0F>",Neutral statement,Not bully
Korean BBQ Time. <ed><U+00A0><U+00BD><ed><U+00B8><U+009B> @ Sariwon Korean Barbecue <U+C0AC><U+B9AC><U+C6D0> <U+BD88><U+ACE0><U+AE30> https://t.co/IS4R1aW3Uo,Neutral statement,Not bully
